Timestep,Preparation Update (ms),Pre-Update (ms),Update (ms),Post-Update (ms),Execution Time (ms),Real Time Factor (%),CPU Usage (%),GPU Usage (%)
0,0.0,0.0,0.0,0.0,0.0,0.0,2.7,0
1,0.0,0.0,0.0,0.0,0.0,1.8513252412441865,3.0,0
2,0.0,419.398779,0.0,0.0,419.398779,1.8513252412441865,0.5,0
3,0.0,419.398779,0.0,0.0,419.398779,1.8513252412441865,0.5,0
4,0.0,419.398779,0.0,0.0,419.398779,1.8513252412441865,4.5,0
5,0.0,419.398779,0.0,0.0,419.398779,1.8513252412441865,6.0,0
6,0.0,419.398779,0.0,0.0,419.398779,1.8513252412441865,6.5,0
7,0.0,419.398779,0.0,0.0,419.398779,1.8513252412441865,5.9,0
8,0.0,419.398779,0.0,0.0,419.398779,1.8513252412441865,4.0,0
9,2480.624351,0.161342,9.114288,2479.829239,4969.72922,1.2093664410151346,0.5,0
10,283.774266,0.049395,7.959247,283.661079,575.443987,10.571604692349107,0.5,0
11,283.774266,0.049395,7.959247,283.661079,575.443987,10.571604692349107,0.0,0
12,283.774266,0.049395,7.959247,283.661079,575.443987,10.571604692349107,0.5,0
13,283.774266,0.049395,7.959247,283.661079,575.443987,10.571604692349107,0.0,0
14,8.005003,0.029702,7.686778,7.868777,23.59026,374.3924079209952,0.0,0
15,10.324225,0.035201,9.753234,10.186868,30.299528000000002,290.40884143909585,4.5,0
16,8.147669,0.033667,7.750494,8.016645,23.948475000000002,368.0142612886534,6.0,0
17,10.120036,0.031636,9.795943,9.999061,29.946675999999997,296.3375933179429,0.0,0
18,8.19531,0.027615,7.835721,8.076794,24.13544,365.92041670041266,0.5,0
19,10.007995,0.022797,9.733112,9.932997,29.696901,299.6436338262904,0.0,0
20,7.435777,0.018014,7.149873,7.362982,21.966646,403.31096794766745,1.0,0
21,7.624896,0.018231,7.368604,7.557213,22.568944000000002,393.33661550886944,0.5,0
22,7.556683,0.018548,7.25174,7.464047,22.291018,396.89569356265616,0.5,0
23,10.194828,0.021908,9.875526,10.096691,30.188952999999998,294.0963394906977,0.0,0
24,7.879297,0.020557,7.61498,7.780552,23.295386,380.47783450279536,0.0,0
25,7.250272,0.016282,6.992171,7.178633,21.437358,413.62622666027846,4.0,0
26,7.578924,0.017984,7.338341,7.504833,22.440081999999997,395.72991591530746,0.5,0
27,7.296567,0.019718,7.039841,7.226728,21.582853999999998,411.0332842422581,0.5,0
28,7.807338,0.020783,7.487968,7.714827,23.030915999999998,384.0531898305788,7.4,0
29,7.391743,0.017488,7.106222,7.323001,21.838454,405.7421165321113,5.0,0
30,6.883607,0.015806,6.599092,6.80918,20.307685,435.6846021074064,5.5,0
31,7.287292,0.021282,7.022756,7.204931,21.536261000000003,411.3941365639292,7.0,0
32,7.374005,0.013792,7.15345,7.304479,21.845726,406.7223062781655,5.5,0
33,9.199318,0.018544,8.931867,9.11333,27.263059,326.0249763387373,5.5,0
34,7.432439,0.021228,7.093324,7.328158,21.875149,403.3153055873017,5.0,0
35,7.314525,0.021005,7.089347,7.243476,21.668353,409.92734720982946,10.6,0
36,7.609296,0.017951,7.17675,7.537139,22.341136,394.1439148186682,10.9,0
37,9.218356,0.017908,8.851612,9.138341,27.226217000000002,325.33980658331603,10.4,0
38,8.909624,0.022021,8.631377,8.803268,26.366290000000003,336.5582720918813,10.6,0
39,9.222249,0.021098,8.945512,9.121498,27.310357000000003,325.19651896638237,10.5,0
40,7.252631,0.018163,6.972531,7.186769,21.430094,413.49983225690136,10.6,0
41,8.379962,0.017156,8.094724,8.310362,24.802203999999996,357.846280688897,11.0,0
42,8.099592,0.021741,7.759807,8.024823,23.905963,370.101475656267,11.0,0
43,8.715212,0.019127,7.299185,8.642927,24.676451,344.08160147505487,14.1,0
44,8.467065,0.018063,8.162292,8.363006,25.010426000000002,354.1926014360385,15.9,0
45,7.654176,0.017269,7.395328,7.584895,22.651668,391.82762510141805,17.8,0
46,7.260692,0.016338,7.020216,7.192523,21.489769,413.0214654139267,17.1,0
47,9.312082,0.030115,9.088716,9.239693,27.670606,322.0588060056238,16.7,0
48,9.445133,0.018487,9.157981,9.366567,27.988167999999998,317.5472817317589,16.6,0
49,9.005976,0.018731,8.705487,8.921125,26.651319,333.0171520484162,16.0,0
50,9.459712,0.017369,9.124697,9.391007,27.992784999999998,317.0198778860565,15.7,0
51,9.922966,0.022159,9.615928,9.833822,29.394875,302.206743864372,17.6,0
52,7.56451,0.021859,7.316921,7.484658,22.387948,396.27967358707474,16.4,0
53,7.454402,0.021567,7.149529,7.352699,21.978197,402.2909126505741,16.6,0
54,7.72784,0.038379,7.399898,7.626547,22.792664000000002,387.98177313360725,15.6,0
55,7.351284,0.018284,7.114595,7.284082,21.768245,407.9778712802618,16.2,0
56,7.674412,0.023335,7.324624,7.567146,22.589517,390.6894027062274,16.9,0
57,9.686998,0.021406,7.532996,9.586895,26.828295000000004,309.60765176734884,18.3,3
58,7.527629,0.020117,7.276725,7.44503,22.269500999999998,398.3584445218145,11.6,3
59,9.894917,0.022097,9.612632,9.798065,29.327711,303.0659668536752,12.0,3
60,9.757472,0.022882,9.392531,9.647372,28.820257,307.27208553963226,12.1,3
61,7.419005,0.01788,7.193844,7.354497,21.985226,404.25764148006806,11.9,3
62,7.328864,0.01751,7.068161,7.247297,21.661832,409.210510162743,12.6,3
63,7.29713,0.018282,7.11244,7.230825,21.658677,410.98423875444377,12.3,3
64,7.61459,0.021916,7.291016,7.506781,22.434303,393.7518407898557,13.0,3
65,7.298254,0.018196,7.058457,7.226706,21.601613,410.90666830298835,12.9,3
66,7.348101,0.017313,7.080084,7.280361,21.725859,408.1283384047814,11.8,3
67,9.239843,0.018792,9.034632,9.166027,27.459294,324.56246545438256,11.8,0
68,8.029798,0.017805,7.800705,7.961678,23.809986,373.4997914003665,10.6,0
69,9.26318,0.017955,8.977798,9.193075,27.452008,323.78337855867613,12.5,0
70,7.154721,0.019304,6.866294,7.075623,21.115942,419.1533521440043,11.2,0
71,7.319797,0.017716,7.054255,7.249343,21.641111000000002,409.7124242151515,12.1,0
72,7.353671,0.01675,7.084678,7.285492,21.740591000000002,407.82934462639975,11.8,0
73,7.411028,0.023948,7.066706,7.322111,21.823793,404.5346718576556,12.3,0
74,7.660449,0.024439,7.287668,7.547806,22.520362,391.30131949413607,14.9,0
75,7.430837,0.015917,7.134196,7.360775,21.941725,403.61406799524764,11.1,0
76,7.297726,0.017467,7.058368,7.23186,21.605421,410.95682117775567,11.1,0
77,7.504351,0.017107,7.266372,7.440888,22.228718,399.6640157840642,12.1,0
78,7.669587,0.018398,7.375652,7.603514,22.667151,391.0376771319211,12.1,0
79,7.75753,0.017079,7.47594,7.684703,22.935252,386.5898177654258,11.9,0
80,10.009098,0.024785,9.691486,9.907344,29.632713000000003,299.5351214914453,11.7,0
81,8.072143,0.023952,7.746863,7.965958,23.808916,371.44890206514447,13.3,0
82,8.717554,0.020779,8.36344,8.617185,25.718958,344.0449432790304,12.9,0
83,11.451287,0.018661,11.194727,11.383737,34.048412,261.93408812842245,11.7,0
84,7.286457,0.017716,7.001604,7.186026,21.491803,411.5876182919965,12.9,0
85,7.972879,0.022244,7.64295,7.864583,23.502655999999998,376.0597363369977,10.4,0
86,9.514218,0.017007,9.234933,9.439834,28.205991999999995,315.23641627893466,12.6,0
87,7.884971,0.022467,7.544942,7.782275,23.234655,380.27527366510066,11.8,0
88,7.382105,0.018103,7.121128,7.316797,21.838133,406.2657554938302,12.6,0
89,7.419586,0.0215,7.088805,7.313277,21.843168,404.0042204974235,11.3,0
90,7.678898,0.02169,7.320356,7.571698,22.592641999999998,390.41891168385854,12.6,0
91,9.5044,0.015921,9.213046,9.434785,28.168152,315.56913998888984,11.3,0
92,7.418823,0.023603,7.139658,7.331011,21.913095,404.0863365478851,10.8,0
93,9.356917,0.022404,9.072528,9.268748,27.720596999999998,320.45906829730484,13.1,0
94,9.696971,0.022299,9.360877,9.585625,28.665772,309.18846273557585,13.5,0
95,7.250541,0.018089,7.006717,7.175464,21.450811,413.50137110162973,11.1,0
96,9.089944,0.019927,8.827544,9.004603,26.942017999999997,329.9145752190385,11.6,0
97,8.201322,0.023117,7.826157,8.085339,24.135934999999996,365.60780957780344,11.1,0
98,8.081577,0.022257,7.771586,7.977557,23.852977,370.9400610320047,12.3,0
99,7.30989,0.019162,6.959908,7.236565,21.525525,410.28008727478016,10.3,0
100,7.703254,0.022277,7.424387,7.62,22.769918,389.18940797674827,12.5,0
101,8.56718,0.022488,8.340295,8.447231,25.377194000000003,349.94743789482817,13.2,0
102,7.387093,0.022149,7.10317,7.278619,21.791031,405.82955212921183,11.2,0
103,7.537668,0.017709,7.544413,7.457549,22.557339,397.87497627670456,12.4,0
104,7.524185,0.014488,7.194521,7.454601,22.187795,398.5945555969651,13.2,0
105,7.219246,0.013518,6.971307,7.152357,21.356428,452.091011345676,11.6,0
106,7.316209,0.021438,7.022603,7.211367,21.571617,409.78780914050833,12.3,0
107,7.87929,0.0185,7.631986,7.803088,23.332864,409.76486053243207,11.6,0
108,7.332962,0.018602,7.101168,7.244867,21.697599,408.9788860560285,11.4,0
109,7.919133,0.022796,7.701672,7.810359,23.453960000000002,378.49932084605194,10.7,0
110,12.585864,0.027238,12.284876,12.464352,37.36233,238.278069235982,11.1,0
111,7.343899,0.01849,7.058611,7.273363,21.694363,408.3745088275595,11.1,0
112,8.011428,0.017253,7.70443,7.944951,23.678062,374.36292788746755,12.4,0
113,7.669378,0.021771,7.356927,7.558865,22.606941,390.91263636824436,12.1,0
114,8.200521,0.037703,7.623158,7.862689,23.724071000000002,365.63463447261836,10.9,0
115,9.534641,0.014649,9.226567,9.466678,28.242535000000004,314.5769286344488,12.4,0
116,9.32036,0.017998,9.059697,9.253187,27.651242,321.7972936633072,10.2,0
117,7.696966,0.022644,7.454465,7.642225,22.8163,389.4455074864408,11.4,0
118,7.478437,0.018357,7.212674,7.404971,22.114438999999997,400.9783872649264,11.4,0
119,7.292037,0.020029,7.034435,7.215224,21.561725,411.226595723682,11.1,0
120,8.925667,0.017978,8.634065,8.824562,26.402272,335.99320487342465,11.6,0
121,7.173737,0.017843,6.948768,7.104937,21.245285,418.05076306805785,13.3,0
122,9.757887,0.022446,9.381336,9.644891,28.806559999999998,307.2434801141266,12.1,0
123,7.463287,0.01861,7.191083,7.394084,22.067064,401.84069829197614,12.9,0
124,8.144015,0.022601,7.838607,8.040832,24.046055000000003,368.15128170641555,11.7,0
125,11.033169,0.023465,10.642856,10.92507,32.624559999999995,271.7495918094673,12.0,0
126,7.218355,0.018912,6.952132,7.152496,21.341895,415.35754046309324,12.2,0
127,6.976364,0.01767,6.69739,6.908032,20.599456000000004,429.8925497901551,12.0,0
128,8.020346,0.028077,7.69107,7.896562,23.636055,373.90590458494637,11.0,0
129,9.08438,0.018661,8.822696,9.024178,26.949914999999997,330.15914661344203,11.5,0
130,7.602169,0.020678,7.266619,7.500138,22.389604,394.4426709133241,12.1,0
131,10.215995,0.01982,9.881834,10.137517,30.255166000000003,293.59783497041855,11.9,0
132,7.459159,0.018562,7.280384,7.392049,22.150154,402.0552528451775,12.1,0
133,11.72594,0.031079,11.484162,11.625801,34.86698199999999,255.75809512734793,13.5,0
134,7.762793,0.01733,7.502534,7.650632,22.933289000000002,386.34268312675374,11.3,0
135,7.216931,0.017043,6.96797,7.150445,21.352389000000002,415.5671452614956,11.7,0
136,7.225084,0.018304,6.968039,7.133497,21.344924,415.0836414291662,12.0,0
137,9.474168,0.022529,9.179172,9.353808,28.029677,316.4906170026777,12.4,0
138,7.362612,0.017933,7.082884,7.288572,21.752001,407.28790109203385,11.5,0
139,7.255732,0.014174,6.996278,7.191877,21.458061,413.3633765835434,11.7,0
140,7.363026,0.018028,7.075103,7.291682,21.747839,407.2676090296116,11.2,0
141,8.637613,0.022005,8.36472,8.533002,25.55734,347.0780482505589,11.9,0
142,7.671854,0.017859,7.47062,7.601092,22.761425,390.91421543907876,11.4,0
143,7.017535,0.01735,6.742001,6.949523,20.726409,427.3618723692316,13.1,0
144,7.409954,0.017704,7.164576,7.344603,21.936837,404.7504207717916,10.8,0
145,8.179647,0.020503,7.807923,8.068837,24.076909999999998,366.55700095769123,11.6,0
146,7.333148,0.018319,7.072885,7.263094,21.687446,408.9886990969257,11.5,0
147,7.177793,0.017826,6.849533,7.083593,21.128745000000002,417.7955851540517,11.4,0
148,7.909899,0.030375,7.646438,7.785914,23.372626,379.1259806567397,11.9,0
149,8.600928,0.022868,8.294064,8.521917,25.439777,348.60558926313377,11.0,0
150,9.244833,0.01408,9.020871,9.180613,27.460397,324.43659692397335,11.9,0
151,7.569538,0.0215,7.33652,7.483196,22.410754,396.0940897744614,12.1,0
152,7.580229,0.017459,7.321603,7.512526,22.431817,395.6237159537769,11.6,0
153,8.2833,0.034442,7.916196,8.182945,24.416883000000002,361.8630591975397,13.7,0
154,7.397002,0.018083,6.997997,7.285575,21.698656999999997,405.4246356820438,11.4,0
155,9.495889,0.019125,9.204137,9.372877,28.092028,315.8399748338708,11.3,0
156,7.566119,0.018417,7.234675,7.496748,22.315959,396.3792080607676,12.4,0
157,7.445275,0.017975,7.192121,7.37231,22.027680999999998,402.8186564117989,11.2,0
158,9.980271,0.024073,9.443773,9.876698,29.324815,300.4709280855885,11.3,0
159,7.131337,0.021092,6.878662,7.058924,21.090015,420.51484473470555,11.5,0
160,13.325667,0.025937,10.683405,13.207966,37.242975,225.04395671084455,12.9,0
161,7.988735,0.028667,7.692099,7.910839,23.62034,375.2161244877049,11.8,0
162,7.444607,0.017506,7.173234,7.37704,22.012387,402.8477576553831,11.6,0
163,9.054124,0.030208,8.725254,8.964065,26.773651,331.15601930153895,11.1,0
164,7.28504,0.018114,6.924435,7.215036,21.442625,411.61760504961495,11.9,0
165,7.1346,0.022021,6.821408,7.02457,21.002599,420.1364687277722,13.4,0
166,8.17946,0.023737,7.910474,8.101927,24.215598,366.55655307812196,11.6,0
167,7.250351,0.018453,6.992546,7.155465,21.416815,413.6497238957035,12.6,0
168,8.926093,0.017164,8.643483,8.847266,26.434005999999997,336.0003924484584,11.9,0
169,7.140608,0.020239,6.88975,7.058999,21.109596,420.0051240625136,13.0,0
170,7.218832,0.018201,6.88074,7.150863,21.268636,415.4430714204802,10.6,0
171,7.964904,0.023107,7.650956,7.857172,23.496139,376.35936297414224,12.9,0
172,7.311569,0.0126,7.042196,7.249058,21.615423,410.1841056667071,11.7,0
173,10.64645,0.036821,10.294561,10.521193,31.499025,281.5917555941253,12.3,0
174,9.469464,0.018543,9.188266,9.400329,28.076602,316.73223551828954,12.3,0
175,7.709024,0.020151,7.411174,7.616035,22.756384,388.9813007612494,11.3,0
176,7.875619,0.022487,7.518122,7.76246,23.178688,380.6853935963387,12.1,0
177,7.397376,0.017724,7.17296,7.327565,21.915625,405.41674611708737,12.1,0
178,7.259635,0.020483,6.976444,7.189477,21.446039,413.0266399429252,11.6,0
179,9.172386,0.018367,8.885171,9.100508,27.176432,326.96906218733585,11.3,0
180,8.702663,0.022703,7.582667,7.822609,24.130641999999998,344.4677955335617,12.0,0
181,7.160082,0.017019,6.917356,7.089686,21.184143,418.8706827522317,10.7,0
182,8.059311,0.022074,7.638272,7.948784,23.668440999999998,372.01135378651753,12.3,0
183,8.212191,0.021084,7.922334,8.117177,24.272786000000004,365.0608976336387,13.1,0
184,7.539126,0.020653,7.181239,7.456049,22.197067,397.72037288140984,11.9,0
185,7.355266,0.017329,7.067161,7.284225,21.723981,407.74680880357977,11.7,0
186,10.133489,0.017476,9.876381,10.060424,30.08777,295.98087568901883,11.9,0
187,7.761385,0.021917,7.443731,7.662278,22.889311,386.40229708437573,11.5,0
188,7.637946,0.027171,7.374905,7.569709,22.609731,392.5771512246444,13.1,0
189,8.294604,0.022093,7.058609,8.183506,23.558811999999996,361.42305267066337,10.9,0
190,8.565599,0.017865,8.181978,8.48714,25.252582,350.11157472367154,13.3,0
191,7.207075,0.017548,6.910517,7.138125,21.273265,416.1259341333678,12.3,0
192,7.574807,0.017791,7.242583,7.499355,22.334536,395.92566099789104,12.1,0
193,7.150502,0.022016,6.84118,7.040175,21.053873,419.1728545894956,11.2,0
194,10.660803,0.025691,10.358812,10.584043,31.629348999999998,281.28068596483445,11.3,0
195,7.585022,0.027306,7.459998,7.668791,22.741117,395.29629038149255,12.4,0
196,7.160947,0.018043,6.929772,7.090053,21.198815,418.7976487024811,12.1,0
197,7.319884,0.017449,7.081779,7.241141,21.660253,409.66190330012705,11.4,0
198,8.547114,0.019321,8.249194,8.475079,25.290708000000002,350.9001348743152,11.9,0
199,7.578468,0.017771,7.267123,7.507392,22.370753999999998,395.72871530234136,12.9,0
200,7.470578,0.017783,7.220715,7.397623,22.106699,401.4436448727818,11.9,0
201,9.889698,0.022235,9.524211,9.783116,29.21926,303.1579049484768,11.9,0
202,9.237401,0.018321,8.956788,9.155529,27.368039000000003,324.67145953890156,12.0,0
203,7.352675,0.018056,7.088687,7.278261,21.737679,407.8580653932431,11.1,0
204,7.382645,0.0215,7.094639,7.282123,21.780907,406.050861660231,12.6,0
205,7.845972,0.024218,7.516029,7.730136,23.116355,393.67061632021904,12.0,0
206,7.457778,0.017464,7.140746,7.387973,22.003961,402.1505402289282,11.1,0
207,7.91812,0.01631,7.661496,7.83908,23.435005999999998,378.73470290534965,11.6,0
208,7.794752,0.018024,7.475978,7.717204,23.005958,384.71970284250153,11.1,0
209,8.976187,0.021022,7.079185,8.907182,24.983576,334.0892287739471,11.6,0
210,7.840901,0.020807,7.461492,7.723433,23.046633,382.3205301409399,12.1,0
211,7.584381,0.021955,7.272153,7.503453,22.381942000000002,395.224580439466,12.5,0
212,7.363855,0.018315,7.13184,7.298154,21.812164000000003,407.2723086461603,12.9,0
213,9.405691,0.017804,9.117276,9.332215,27.872985999999997,318.85423344891444,12.2,0
214,8.126292,0.019432,7.891552,8.043763,24.081038999999997,369.05135349583895,12.0,0
215,8.965791,0.025352,8.632454,8.847126,26.470722999999996,334.3882539660955,11.5,0
216,7.121545,0.022075,6.824036,7.013239,20.980895,421.0145186856769,12.1,0
217,7.527814,0.021544,7.2017,7.427904,22.178962,398.28715282304603,11.9,0
218,9.344724,0.017945,8.634222,9.26744,27.264331,320.93861278777763,12.3,0
219,7.169766,0.024109,6.883898,7.064763,21.142536,418.1717947306172,11.9,0
220,7.228718,0.021532,6.93671,7.156933,21.343893,414.88548261761207,11.3,0
221,9.742155,0.021387,9.414374,9.629089,28.807005000000004,307.74176731788583,13.3,0
222,7.588474,0.017579,7.306527,7.480017,22.392597,395.1511268656402,11.2,0
223,7.200493,0.014714,7.01506,7.1366,21.366867,416.51614236077467,12.1,0
224,7.563286,0.019163,7.317356,7.489753,22.389558,396.4840324646412,11.8,0
225,8.858322,0.018399,8.565644,8.7881,26.230465000000002,338.5713710142955,11.7,0
226,8.078896,0.029181,7.821269,7.977633,23.906979,371.10896885022646,12.0,0
227,9.481753,0.023862,9.169966,9.385368,28.060949,373.71041877242106,12.6,0
228,7.12302,0.018542,6.855552,7.051519,21.048633,421.0285812445521,12.6,0
229,7.271309,0.018756,6.999001,7.197856,21.486922,412.430830194391,11.9,0
230,7.374826,0.017739,7.131367,7.304304,21.828235999999997,406.6478795346321,12.1,0
231,8.860715,0.018452,8.493796,8.754334,26.127297,338.46365255758366,13.9,0
232,7.317519,0.017735,7.127005,7.251301,21.71356,409.86176592220744,13.4,0
233,9.30967,0.017928,9.026623,9.240039,27.594260000000002,322.15100656618915,12.9,0
234,7.873785,0.021988,7.527788,7.753789,23.17735,380.7994325580722,12.0,0
235,7.836776,0.018444,7.58693,7.769734,23.211883999999998,382.693527159951,11.4,0
236,9.637461,0.019273,9.338537,9.550634,28.545905000000005,311.1859847641267,11.4,0
237,9.270155,0.022401,8.98812,9.168039,27.448715,323.4632127983611,12.6,0
238,7.261603,0.018675,7.313704,7.194802,21.788784,412.99178545572335,11.4,0
239,8.140222,0.023836,7.80266,8.029269,23.995987,368.2615501552591,12.1,0
240,8.831631,0.019594,8.568636,8.764843,26.184703999999996,339.60427724795113,12.7,0
241,7.651862,0.017958,7.368934,7.579511,22.618265,391.9031758788298,12.4,0
242,7.553222,0.023313,7.221987,7.428822,22.227344000000002,396.8637183220073,11.3,0
243,7.461047,0.018277,7.163175,7.35391,21.996409,401.93884580848794,11.4,0
244,7.317227,0.023031,7.052128,7.212823,21.605209,409.69256123947844,11.6,0
245,7.487837,0.01863,7.180424,7.416199,22.103089999999998,400.4827151660134,11.9,0
246,7.708143,0.021435,7.36066,7.592114,22.682351999999998,388.9089393053153,12.4,0
247,9.137543,0.019256,8.799853,9.059244,27.015896,328.2246264311414,12.7,0
248,9.608406,0.021626,9.291606,9.503434,28.425072,312.0394817315445,10.9,0
249,7.56485,0.019667,7.318282,7.480498,22.383297,396.39581073051386,11.2,0
250,7.335222,0.017249,7.06847,7.266302,21.687243,408.84589889404464,12.6,0
251,7.65471,0.01832,7.306194,7.544858,22.524082,391.79467033874045,13.5,0
252,8.399985,0.021976,8.068804,8.302082,24.792847000000002,356.96611641926336,11.6,0
253,7.109795,0.016138,6.865961,7.039713,21.031607,421.721941292932,12.4,0
254,7.300102,0.017603,7.042841,7.23153,21.592076,410.81585015190603,12.4,0
255,7.669145,0.022622,7.293569,7.554689,22.540025,390.94911106642706,10.7,0
256,7.430892,0.01491,7.184168,7.365756,21.995726,403.5390373576264,12.6,0
257,7.243567,0.017979,6.894853,7.172705,21.329104,414.0209006031043,11.7,0
258,7.528612,0.018027,7.288111,7.458023,22.292773,398.30957416723425,10.9,0
259,7.315585,0.015724,7.069803,7.248895,21.650007,409.97709321321184,13.4,0
260,9.51974,0.018344,9.231874,9.448092,28.218050000000005,315.0269757599343,11.5,0
261,7.414329,0.02246,7.31744,7.529657,22.283886000000003,404.40412265738803,12.1,0
262,7.117561,0.01731,6.856556,7.049976,21.041403000000003,421.3651810500842,11.2,0
263,10.468589,0.021657,10.155639,10.365416,31.011301,286.50140056209665,10.7,0
264,7.428681,0.016941,7.183753,7.349726,21.979101,403.6326942482341,13.4,0
265,7.516177,0.017992,7.305162,7.445443,22.284774,398.98583121516185,11.7,0
266,10.123931,0.017605,9.838686,10.054478,30.034699999999997,296.26109608902766,12.0,0
267,7.288829,0.016352,7.026878,7.223661,21.55572,411.47685764999255,11.4,0
268,7.513295,0.017648,7.241302,7.441616,22.213861,399.1725950449907,11.1,0
269,8.051399,0.016982,7.795994,7.981435,23.84581,372.50422171451277,12.0,0
270,7.503569,0.017181,7.186284,7.436373,22.143407,399.69559183725676,12.1,0
271,7.397637,0.01853,7.062504,7.319171,21.797842,405.36065139835233,11.8,0
272,11.074345,0.024022,9.12525,10.968062,31.191678999999997,270.8056114894516,11.3,0
273,11.394138,0.023302,11.072658,11.277051,33.767149,263.1970048882702,12.4,0
274,7.640415,0.021771,7.328334,7.526756,22.517276,392.41667849366934,11.1,0
275,7.951054,0.019022,7.613848,7.873478,23.457402000000002,377.1873566295141,12.4,0
276,7.340122,0.01695,6.999904,7.271903,21.628878999999998,408.5972122229404,11.8,0
277,10.171052,0.015562,9.839509,10.096612,30.122735,294.8446414443456,12.2,0
278,7.574174,0.021202,7.212442,7.493795,22.301613000000003,395.73920786201893,12.0,0
279,8.406613,0.01789,7.99333,8.331539,24.749372,356.72506414511196,13.4,0
280,7.583324,0.021406,7.338946,7.514326,22.458002,395.42550684323385,13.5,0
281,7.349288,0.016008,7.138733,7.274508,21.778537,408.0616662790081,12.3,0
282,7.396493,0.01803,7.147761,7.330436,21.89272,405.47724063006297,11.7,0
283,9.931396,0.020963,9.545915,9.835083,29.333357,301.9509959702626,12.3,0
284,9.301098,0.018254,9.024385,9.234751,27.578488,322.4669842178208,13.5,0
285,7.769657,0.01767,7.482342,7.697406,22.967075,386.00808197988175,12.0,0
286,11.390098,0.019573,11.013518,11.312753,33.735942,263.3340975874032,12.1,0
287,7.21258,0.017226,7.084568,7.142953,21.457327,415.7646882734956,11.5,0
288,7.405309,0.01714,7.096543,7.336055,21.855047,404.9917118446171,11.6,0
289,7.473156,0.023382,7.232524,7.406724,22.135786,401.2920534007361,12.4,0
290,7.454114,0.017768,7.232382,7.380242,22.084506,402.33990157693097,13.2,0
291,7.550541,0.017887,7.225408,7.467161,22.260997,397.16309052194117,11.1,0
292,7.026398,0.021519,6.734636,6.90718,20.689733,426.6834154129997,11.6,0
293,8.246353,0.018649,7.940652,8.173197,24.378850999999997,363.70130085044275,11.8,0
294,9.64675,0.022315,9.340245,9.54589,28.5552,310.7964791731654,11.8,0
295,8.581391,0.021719,8.325197,8.489475,25.417781999999995,349.48416137780634,12.1,0
296,7.646759,0.01763,7.225754,7.549113,22.439256,392.0572340832604,12.4,0
297,7.235654,0.015788,6.956671,7.170922,21.379035000000002,414.49711965951553,11.8,0
298,7.545032,0.021909,7.238531,7.431473,22.236945,397.2638058110955,13.0,0
299,10.350972,0.028653,10.036683,10.232331,30.648639000000003,289.688284783669,11.6,0
300,7.584116,0.019066,7.373505,7.493786,22.470473,395.43421114895125,12.7,0
301,7.45532,0.019252,7.247892,7.353519,22.075983,402.2794764252159,10.4,0
302,7.605563,0.018704,7.297767,7.52596,22.447994,394.22517931989324,11.9,0
303,7.434405,0.018516,8.101889,7.363462,22.918272,403.3825509347786,12.6,0
304,8.388395,0.021703,8.074983,8.308224,24.793305,357.43131272249354,11.1,0
305,8.342568,0.017064,8.080563,8.256712,24.696907,359.4964030587392,11.2,0
306,7.447439,0.019619,7.196627,7.37016,22.033845,402.65472947507783,12.0,0
307,7.645526,0.017496,7.388314,7.576067,22.627403,392.20269662886096,11.1,0
308,7.165503,0.018935,6.901002,7.093673,21.179113,418.5278367049471,11.1,0
309,7.689739,0.022482,7.370984,7.574046,22.657251,389.9878167806038,13.7,0
310,8.380378,0.021109,7.84563,8.272589,24.519706,357.71520146520146,11.1,0
311,7.500228,0.018547,7.196403,7.429218,22.144396,399.8655918457276,12.9,0
312,7.362681,0.018133,7.143127,7.291552,21.815493,407.31505249069085,12.1,0
313,7.15466,0.017902,6.897769,7.081153,21.151484,419.1846857861459,13.4,0
314,7.616928,0.022359,7.37782,7.51068,22.527787,393.557412680105,12.5,0
315,7.653919,0.025248,7.327597,7.529192,22.535956,391.7543031924972,10.7,0
316,7.688707,0.025226,7.434486,7.580114,22.728533,389.85817739222824,11.6,0
317,7.008003,0.020863,6.690486,6.905302,20.624654,427.7544786250374,12.1,0
318,7.597848,0.01743,7.371813,7.528057,22.515148,394.68558491153846,12.1,0
319,8.554641,0.021351,8.206167,8.453839,25.235998000000002,350.4278665846354,14.0,0
320,7.616315,0.035768,7.292627,7.529769,22.474479000000002,393.69148760265506,11.9,0
321,7.398793,0.017946,7.11862,7.325434,21.860793,405.32242385511614,11.5,0
322,7.12702,0.0188,6.937204,7.054308,21.137332,420.80699841313685,11.6,0
323,7.344487,0.019127,7.103374,7.270533,21.737521,408.3511068152575,13.1,0
324,7.492754,0.022936,7.196851,7.386469,22.09901,400.04229780562133,11.5,0
325,8.813771,0.021453,8.471018,8.707606,26.013847999999996,340.1558004274171,12.0,0
326,9.182982,0.019623,8.66915,9.10379,26.975545,326.5756841325148,12.1,0
327,7.721403,0.021956,7.433485,7.604872,22.781716,388.28437326242744,11.6,0
328,7.260889,0.018511,9.135584,9.358823,25.773806999999998,412.95528836736617,10.9,0
329,9.140107,0.019585,8.859932,9.053999,27.073622999999998,328.0992390831814,12.4,0
330,9.104438,0.020779,8.765687,9.00162,26.892524,329.335240111188,11.9,0
331,9.701643,0.019185,9.149682,9.62853,28.49904,309.1574285274399,11.5,0
332,7.307583,0.018678,7.045,7.233435,21.604696,410.3749910914429,11.9,0
333,7.708446,0.02176,9.354945,9.558745,26.643896000000005,388.8839342195048,11.5,0
334,7.909161,0.022886,7.544451,7.795138,23.271636,379.06073551176166,11.6,0
335,12.15697,0.037314,11.852758,12.047157,36.094198999999996,246.64553846174084,12.4,0
336,7.645811,0.022637,9.440153,9.635276,26.743876999999998,392.0593860193191,11.6,0
337,7.528484,0.017781,7.276133,7.458608,22.281005999999998,398.36801901543345,11.4,0
338,8.628203,0.018802,8.35219,8.550129,25.549324,347.57442292508205,12.3,0
339,7.347184,0.018207,7.126294,7.268656,21.760341,408.18470194489123,13.3,0
340,7.312923,0.022349,7.050628,7.233063,21.618963,409.8993423848217,11.6,0
341,7.409826,0.022127,7.103547,7.306528,21.842028,404.6338124692225,12.1,0
342,7.616421,0.022141,7.295912,7.500024,22.434498,393.66839500214354,11.9,0
343,7.784991,0.021151,7.525954,7.68217,23.014266,385.1519308821751,12.6,0
344,8.012876,0.0204,7.575078,7.936102,23.544456000000004,374.1273946179779,12.1,0
345,7.349103,0.017664,7.08908,7.277507,21.733354,408.0656071560561,11.2,0
346,9.285054,0.014859,9.074135,9.216763,27.590811000000002,323.0294129048097,12.1,0
347,7.52989,0.019979,7.268723,7.447689,22.266281,398.19321157558284,11.9,0
348,7.490602,0.019476,7.208338,7.414998,22.133414000000002,400.39772841022085,13.4,0
349,7.523575,0.018398,7.18201,7.444273,22.168256,398.6320542426609,13.1,0
350,7.560444,0.022267,7.204299,7.460496,22.247506,396.5774834409072,12.1,0
351,7.514867,0.016274,7.295397,7.443406,22.269944,399.08954372092467,13.2,0
352,9.439149,0.018047,9.173213,9.369411,27.99982,317.70732229596916,12.7,0
353,7.44934,0.017359,7.190152,7.378814,22.035665,402.5313857075864,12.3,0
354,8.192339,0.018603,7.911553,8.084714,24.207209,366.02091223879984,12.3,0
355,8.309358,0.018377,9.077942,8.240362,25.646038999999995,360.9382083412339,12.1,0
356,7.425005,0.017716,7.166383,7.358586,21.967689999999997,403.9098473220777,13.1,0
357,7.642227,0.016551,7.334637,7.577453,22.570867999999997,392.45502596220814,11.9,0
358,9.258077,0.016437,9.025542,9.181145,27.481201,323.9572544881848,13.9,0
359,7.492921,0.018075,7.209347,7.416284,22.136627,400.1381276816757,13.5,0
360,8.775388,0.019555,7.456234,8.677737,24.928914,341.7717538860588,12.0,0
361,7.420402,0.018389,7.137025,7.343335,21.919151,404.1776883676853,11.5,0
362,8.152104,0.033934,7.842681,8.032517,24.061236,367.7656812834728,12.5,0
363,8.053044,0.024052,7.698464,7.944373,23.719932999999997,372.3044691056167,11.9,0
364,9.264113,0.017619,9.008017,9.192242,27.481991,323.7408208685923,12.9,0
365,7.632149,0.02256,8.800098,7.549037,24.003844,392.828779683943,11.2,0
366,7.971211,0.021526,7.651727,7.869562,23.514026,376.17153923751283,12.1,0
367,9.281255,0.017759,9.000422,9.2171,27.516536000000002,323.1262768873375,12.4,0
368,9.208654,0.021953,8.889915,9.140373,27.260895,325.64128810233734,12.6,0
369,7.81683,0.018114,7.542714,7.736963,23.114621,383.62886822578554,12.1,0
370,7.614929,0.017439,7.297919,7.54758,22.477867,393.8343913256662,12.7,0
371,7.623707,0.022819,7.227327,7.549842,22.423695000000002,393.2819576002721,11.3,0
372,11.495836,0.026535,11.161141,11.364957,34.048469,260.846746797628,11.7,0
373,7.551522,0.020779,8.838997,7.471601,23.882899000000002,397.118034996424,12.1,0
374,6.890545,0.020263,6.543353,6.787282,20.241443,429.05840986662713,12.1,0
375,7.551664,0.022938,7.22864,7.423595,22.226837,397.1424804248471,12.2,0
376,7.362522,0.017969,7.099946,7.288615,21.769052000000002,407.2975225585127,12.0,0
377,7.534327,0.020993,7.27698,7.456757,22.289057,397.93894157526785,13.7,0
378,7.323097,0.015395,7.120939,7.260382,21.719813,409.5489896358168,12.7,0
379,7.41662,0.018464,7.16669,7.346534,21.948307999999997,404.3733789682171,12.7,0
380,7.551919,0.01739,7.209674,7.481303,22.260286,397.0862341585756,12.3,0
381,7.84119,0.023514,7.495089,7.738027,23.09782,382.38076125126713,12.4,0
382,7.673752,0.021908,7.352375,7.58549,22.633525,390.7905262476411,11.6,0
383,9.125152,0.017006,8.842041,9.057442,27.041641,328.66850472702,11.2,0
384,8.599395,0.022281,8.198501,8.466862,25.287039,348.6542063851602,12.5,0
385,7.804716,0.021282,7.3842,7.594491,22.804689,384.0965096253945,12.3,0
386,9.319319,0.018048,9.035354,9.25465,27.627370999999997,321.8294674998903,13.0,0
387,9.564921,0.018937,9.305256,9.494505,28.383619,313.57025447480436,11.9,0
388,9.150292,0.023039,8.806399,9.041825,27.021555000000003,327.60526448555817,14.0,0
389,7.278823,0.01826,7.024453,7.206792,21.528328000000002,412.02367488035867,11.1,0
390,7.398753,0.017985,7.133458,7.329338,21.879534,405.3601036749001,12.4,0
391,7.773902,0.018746,7.371772,7.681893,22.846313,385.7537538340709,12.0,0
392,7.580689,0.017723,7.13251,7.501134,22.232056,395.61949000955286,11.0,0
393,7.324475,0.018514,7.113517,7.262099,21.718605,409.38305972898837,11.2,0
394,7.171566,0.018431,6.890848,7.096854,21.177699,418.1605452144453,11.7,0
395,9.429102,0.023056,9.139176,9.326045,27.917379000000004,317.973011086765,10.6,0
396,7.609545,0.018335,7.269952,7.513157,22.410989,394.1329370983539,11.4,0
397,7.496256,0.01852,7.221208,7.424301,22.160285,400.0484325302317,13.0,0
398,7.617223,0.018585,7.251298,7.501694,22.3888,393.6816716248686,12.1,0
399,7.568938,0.018322,7.193445,7.489736,22.270441,396.19227528073196,11.6,0
400,9.291901,0.016856,9.063145,9.22006,27.591962,322.7911883170249,11.6,0
401,7.575417,0.019012,7.309365,7.505026,22.40882,395.84541761427664,11.6,0
402,7.211682,0.01797,6.955754,7.146251,21.331657,415.8575349711929,11.9,0
403,7.482681,0.017991,7.213193,7.411838,22.125703,400.82468342532485,12.6,0
404,7.677427,0.017686,7.097236,7.584087,22.376435999999998,390.635732309833,12.9,0
405,9.187763,0.030535,8.862922,9.070736,27.151956000000002,326.3385209555018,10.3,0
406,7.344105,0.017423,7.065824,7.270332,21.697684,408.3687831467837,13.0,0
407,9.837853,0.021158,9.486911,9.743066,29.088988,304.82619115406584,13.4,0
408,7.377894,0.017753,7.083519,7.302628,21.781793999999998,406.5140901848799,12.7,0
409,7.569666,0.017954,7.191301,7.494703,22.273624,396.15376946253946,11.3,0
410,7.403469,0.017307,7.046683,7.330706,21.798165,405.0638927531234,10.9,0
411,7.368829,0.017195,7.102031,7.297932,21.785987,407.0036647966657,11.1,0
412,7.69017,0.016606,7.418612,7.619608,22.744996,389.9489868735372,11.3,0
413,8.916145,0.021083,8.613896,8.818354,26.369478,336.31106890531754,12.0,0
414,7.851673,0.022046,7.478892,7.740703,23.093314,381.7833839981094,12.1,0
415,7.533404,0.019099,7.173074,7.457083,22.18266,398.0396811065291,12.8,0
416,8.747,0.024543,8.416835,8.670743,25.859121000000002,342.7805950534018,13.0,0
417,10.017975,0.017516,9.725318,9.94066,29.701469000000003,299.3613126394837,13.6,0
418,7.199536,0.017724,6.966553,7.130665,21.314478,416.5568576505804,11.8,0
419,9.161644,0.017559,9.061519,9.266255,27.506977,327.3820728850709,10.5,0
420,7.437837,0.014324,7.142539,7.373517,21.968217,403.23274378914044,11.8,0
421,9.539321,0.017685,9.199078,9.466106,28.22219,314.40829459386464,11.6,0
422,9.452006,0.019548,9.181193,9.373409,28.026156,317.3015995067864,11.1,0
423,7.323587,0.01742,7.072296,7.252103,21.665405999999997,409.5010802638497,12.7,0
424,7.35354,0.018617,7.085633,7.26311,21.7209,407.8389362472972,12.9,0
425,9.716576,0.021823,9.375299,9.604185,28.717883,308.6454047020276,10.9,0
426,7.16298,0.021314,6.863307,7.063265,21.110866,418.56777826176614,13.1,0
427,7.565918,0.025603,7.245092,7.489122,22.325735,396.2797259329415,13.1,0
428,7.550266,0.01817,7.227465,7.473953,22.269854,397.22440769206526,12.3,0
429,7.240314,0.023084,7.033443,7.163631,21.460472,414.2191492684269,11.2,0
430,7.28778,0.0184,6.939177,7.206367,21.451724,411.5137712397689,12.3,0
431,7.965163,0.018476,7.689726,7.893466,23.566831,376.49010075753574,12.5,0
432,9.309369,0.023416,8.912339,9.18665,27.431773999999997,322.0765434230037,11.4,0
433,9.498025,0.021358,9.184704,9.383463,28.08755,315.67586360235197,12.2,0
434,8.927471,0.02264,8.606315,8.805902,26.362328,335.8416224643118,12.4,0
435,7.96773,0.021725,7.602946,7.794585,23.386986,376.325040467486,12.2,0
436,7.517016,0.02068,7.157538,7.426235,22.121468999999998,398.86774742098766,13.1,0
437,7.448801,0.017001,7.233572,7.374903,22.074277,402.6102024646186,12.3,0
438,11.139023,0.018461,10.782069,11.054389,32.993942000000004,269.2482427513437,11.2,0
439,10.358992,0.0181,10.135136,10.290561,30.802789,289.54865445292535,11.2,0
440,7.471161,0.018749,7.199709,7.398373,22.087992,401.2914092605216,11.2,0
441,8.240631,0.018795,7.951573,8.163036,24.374035,363.9448565311178,12.1,0
442,7.401904,0.017487,7.387833,7.335,22.142224,405.09293642147384,11.9,0
443,7.464202,0.02053,7.231155,7.386877,22.102764,401.2592048861601,11.7,0
444,9.853799,0.022831,9.529869,9.752497,29.158996000000002,304.3251604782653,11.9,0
445,6.855967,0.022543,7.447351,6.736446,21.062307,437.1675158888534,13.0,0
446,9.527953,0.022036,9.214448,9.426881,28.191318000000003,314.77064394414333,11.8,0
447,7.324905,0.015973,7.121083,7.256348,21.718308999999998,409.4541321292106,10.6,0
448,7.489743,0.018612,7.267472,7.417711,22.193538,400.4173416479549,12.0,0
449,7.389765,0.018559,7.140082,7.3209,21.869306,405.8590900530972,12.4,0
450,7.739498,0.020333,7.399727,7.641899,22.801457,387.4194571091147,12.5,0
451,8.249067,0.022364,7.834145,8.138583,24.244159,363.4134700414049,10.6,0
452,9.755219,0.021965,9.476177,9.650018,28.903378999999997,307.3208119907566,11.6,0
453,9.806052,0.021978,8.957517,9.698664,28.484211000000002,305.7481882381526,12.0,0
454,9.392079,0.018115,9.110639,9.311752,27.832585,319.3187865886109,11.4,0
455,7.61303,0.016495,8.722379,8.955676,25.30758,393.8877031410181,11.7,0
456,7.49546,0.017493,7.198774,7.420182,22.131909,400.0884995761062,13.3,0
457,9.24734,0.018597,8.950685,9.171737,27.388359,324.3114921074474,12.4,0
458,9.242691,0.016691,9.018287,9.176326,27.453995000000003,324.4931660116772,11.0,0
459,7.572993,0.017169,7.302905,7.494406,22.387473,395.980638130718,12.1,0
460,9.70874,0.017647,9.474224,9.642798,28.843409,308.9135141012841,10.7,0
461,7.382998,0.023171,7.073419,7.277802,21.75739,406.11533892220234,12.0,0
462,7.654485,0.018219,7.398561,7.564711,22.635976,391.79456800339136,10.6,0
463,7.906391,0.016737,7.658677,7.83748,23.419285,379.3191171271685,11.8,0
464,9.558389,0.021845,9.276867,9.451175,28.308276,313.69734354815535,11.7,0
465,9.586768,0.021283,9.298539,9.488068,28.394658,312.7907650820409,12.6,0
466,7.617473,0.022429,7.327472,7.516718,22.484092,393.59211052486296,13.5,0
467,7.582073,0.020122,7.161656,7.351118,22.114969,395.15742479067524,10.6,0
468,7.441247,0.018102,7.196563,7.363874,22.019786,403.0357729178232,11.8,0
469,7.518574,0.021879,7.216884,7.417862,22.175199,398.701614901021,11.8,0
470,8.442896,0.015496,8.291483,8.376742,25.126617,355.23814632472386,10.9,0
471,7.264582,0.018388,6.937922,7.158731,21.379623,412.70339570978314,12.0,0
472,7.411324,0.017389,7.132889,7.342447,21.904049,404.6587007353323,11.6,0
473,10.796667,0.020173,10.495459,10.702424,32.014723000000004,277.7895066680593,12.3,0
474,9.536204,0.018722,9.24151,9.459035,28.255471,314.4642880727679,12.5,0
475,7.275425,0.018684,6.978901,7.204991,21.478001,412.22941776304805,11.5,0
476,7.335164,0.018087,7.12414,7.264454,21.741845,408.85202800145765,13.5,0
477,7.296129,0.018302,7.046114,7.228241,21.588786,411.04505464844,10.2,0
478,7.335195,0.01859,7.139544,7.265651,21.75898,408.823724204245,12.8,0
479,7.680387,0.017469,7.431983,7.609422,22.739261,390.41042676934984,11.7,0
480,7.404211,0.020097,7.1627,7.335215,21.922223000000002,404.99395344027516,11.3,0
481,8.138331,0.02382,7.823704,8.035626,24.021481,368.4300177620111,12.1,0
482,7.330176,0.020458,7.09408,7.230696,21.67541,409.1219465694921,12.5,0
483,7.859014,0.021745,7.528343,7.748128,23.157230000000002,381.5124654747115,12.5,0
484,7.471769,0.020618,7.223881,7.393293,22.109561,401.3943905936704,12.9,0
485,7.383891,0.022357,7.088607,7.277853,21.772708,405.99684405119893,12.3,0
486,7.34594,0.018297,6.909895,7.246614,21.520746,408.1993645696558,13.5,0
487,7.692863,0.034595,7.437603,7.567686,22.732747000000003,389.70923404338794,11.9,0
488,7.896052,0.028917,7.692129,7.808781,23.425879000000002,379.5440436192257,11.4,0
489,7.524243,0.021843,7.17195,7.406742,22.124778,398.55939378584793,11.8,0
490,7.572771,0.018718,7.269012,7.492605,22.353106,395.9952734004167,11.6,0
491,7.533349,0.018672,7.223114,7.423189,22.198324,398.08563273123764,11.7,0
492,9.539434,0.018751,9.313857,9.469291,28.341333,314.41070002494325,11.7,0
493,7.757731,0.022173,7.45577,7.678773,22.914447,386.4040390041389,13.3,0
494,8.225612,0.02308,7.86916,8.114038,24.23189,364.44848739299795,12.3,0
495,10.421665,0.024214,10.021488,10.320765,30.788132000000004,287.7661405150553,12.1,0
496,9.039683,0.018375,8.775845,8.954509,26.788412,331.7869114044894,11.6,0
497,9.942085,0.024202,9.602086,9.832733,29.401106,301.5978958118005,11.8,0
498,8.947438,0.026218,8.691101,8.845866,26.510623000000002,335.1437425926251,11.5,0
499,10.60963,0.023688,10.264657,10.497129,31.395103999999996,282.64412447873354,11.8,0
500,10.191708,0.018582,9.877214,10.10282,30.190324000000004,294.26671334390664,12.3,0
501,8.509727,0.019172,6.727471,8.433272,23.689642,352.4115226820866,11.6,0
502,8.346753,0.037275,7.927611,8.177756,24.489395000000002,359.1872311333914,12.1,0
503,8.862713,0.022118,8.551162,8.751135,26.187128,338.31586138657855,12.0,0
504,7.17413,0.016601,6.913199,7.106805,21.210735,418.0375977441576,11.8,0
505,13.147361,0.124405,12.778211,13.031459,39.081436,228.0896510935416,11.9,0
506,7.651688,0.017736,7.394324,7.582087,22.645834999999998,391.8929369397237,11.7,0
507,7.608412,0.018759,7.326837,7.524393,22.478401,394.1738995387377,11.9,0
508,7.7825,0.02143,7.547793,7.710863,23.062586,385.3672459935294,12.8,0
509,7.7425,0.022699,7.440992,7.630726,22.836917,387.2452265249039,10.6,0
510,9.179457,0.018974,8.893315,9.106192,27.197938,326.73093609393385,12.4,0
511,13.496818,0.024171,13.136283,13.385221,40.042493,222.19114837865638,11.9,0
512,7.765822,0.017293,7.465938,7.649377,22.89843,386.1493878116322,11.9,0
513,7.76884,0.017773,7.478955,7.701025,22.966593,386.00877732491796,11.6,0
514,9.344589,0.020512,8.990034,9.269064,27.624198999999997,320.8386980237299,11.4,0
515,8.349009,0.018473,8.054134,8.274694,24.69631,359.16547184286367,13.6,0
516,7.743444,0.022828,7.423235,7.648637,22.838144,387.19099899665906,12.6,0
517,7.385241,0.017628,7.098024,7.311083,21.811976,406.0626232484658,12.2,0
518,10.694747,0.018527,10.414776,10.609752,31.737802000000002,280.4178600004487,11.4,0
519,7.36926,0.019928,7.11174,7.288573,21.789501,406.41997245285427,11.7,0
520,8.217902,0.020796,7.892743,8.111933,24.243374000000003,364.8824038744673,11.9,0
521,10.065904,0.022721,9.722127,9.953698,29.76445,297.8551746726994,12.1,0
522,7.723722,0.016763,7.457632,7.651459,22.849576,388.25120784950764,11.4,0
523,7.436011,0.017288,7.043754,7.354541,21.851594,403.2669461844293,10.5,0
524,7.197122,0.019035,6.966389,7.121031,21.303577,416.6505214589601,11.5,0
525,7.271417,0.017896,6.971234,7.204124,21.464671,412.43927862720415,12.2,0
526,7.513462,0.019596,7.20873,7.417947,22.159734999999998,399.0833852806873,11.1,0
527,9.197536,0.014512,8.949464,9.124739,27.286251,326.0754021107513,11.2,0
528,7.549011,0.017941,7.253081,7.469735,22.289768000000002,397.27800998677463,11.9,0
529,7.218403,0.017902,6.965048,7.146691,21.348044,415.37651873770403,10.7,0
530,7.627237,0.022301,7.311287,7.511342,22.472167,393.07228442081583,11.8,0
531,7.751541,0.018651,7.498686,7.682158,22.951036000000002,386.875531309063,11.5,0
532,7.59899,0.022309,7.222561,7.49731,22.341169999999998,394.5607434155703,12.1,0
533,7.478017,0.017485,7.242066,7.41265,22.150218,401.00121984571075,10.1,0
534,8.418046,0.022018,8.113812,8.311571,24.865447,356.19157122513514,11.5,0
535,7.564472,0.01937,7.27507,7.479888,22.3388,396.4110005109738,12.6,0
536,7.923121,0.019824,8.87239,7.839492,24.654826999999997,378.5024726304862,11.7,0
537,7.26697,0.018345,6.988267,7.200155,21.473737,412.6940280973099,12.3,0
538,7.412036,0.01799,7.123989,7.341447,21.895462,404.63927016024115,12.4,0
539,7.416389,0.017763,7.133505,7.33892,21.906577,404.3418769873403,12.2,0
540,9.557224,0.017497,9.25474,9.479524,28.308985,313.8085489607759,13.3,0
541,7.491785,0.016904,7.2771,7.423404,22.209193,400.30161392270367,12.2,0
542,9.409193,0.023611,9.080838,9.299232,27.812874,318.62429076888077,10.9,0
543,7.524834,0.021597,7.184904,7.420004,22.151339,398.4415093176875,12.3,0
544,7.585676,0.017718,7.309771,7.51951,22.432675,395.3020720548711,13.0,0
545,9.372179,0.023293,9.011149,9.261475,27.668096000000002,319.89551785859385,11.1,0
546,8.082301,0.030717,7.785249,8.002598,23.900865,370.84752752244924,12.1,0
547,8.495498,0.014524,8.520675,8.429996,25.460693,353.04123250930763,11.7,0
548,7.363495,0.017283,7.154955,7.294301,21.830034,407.3083610766898,11.2,0
549,7.215207,0.020012,9.153661,7.146535,23.535415,415.6499407283184,10.7,0
550,7.543635,0.022753,7.262839,7.441226,22.270453,397.46049242705277,12.3,0
551,8.387312,0.02013,8.145039,8.282575,24.835056,357.54756693648,10.8,0
552,9.603434,0.022667,9.197635,9.497293,28.321029000000003,312.23752533026925,12.4,0
553,9.249511,0.017486,8.973552,9.18344,27.423989,324.2606290202238,11.2,0
554,8.489358,0.019168,8.093421,8.371592,24.973539,349.7479774365921,12.9,0
555,7.529643,0.021435,7.228691,7.429065,22.208834000000003,398.145966947249,11.0,0
556,7.94302,0.019737,7.679749,7.873288,23.515794,377.5706425232895,11.8,0
557,8.527479,0.017861,8.247867,8.460827,25.254033999999997,351.7095723035746,12.1,0
558,7.640293,0.022628,7.320727,7.536365,22.520013,392.4481464804858,12.9,0
559,7.27355,0.02197,6.923505,7.195314,21.414339,412.1862592764235,11.9,0
560,8.589179,0.023069,8.224424,8.456314,25.292986,349.08022596661186,12.3,0
561,7.480019,0.01765,7.191727,7.396836,22.086232000000003,400.8982794114012,12.1,0
562,8.221706,0.01767,8.991145,9.172562,26.403083,364.7774760122332,11.6,0
563,7.301532,0.02255,6.995674,7.230535,21.550291,410.7386806580691,12.7,0
564,7.718823,0.019094,7.39613,7.602446,22.736493,388.47634140233225,13.3,0
565,7.567374,0.018724,7.244112,7.495837,22.326047000000003,396.2865833610624,10.6,0
566,7.44982,0.017729,7.098906,7.383524,21.949979000000003,402.57124940805255,10.7,0
567,7.947052,0.021582,7.61064,7.835506,23.41478,377.2764388726024,12.5,0
568,7.602875,0.021116,7.253965,7.496421,22.374377000000003,394.2805142889887,10.9,0
569,8.188779,0.022461,7.857919,8.087801,24.156959999999998,366.08898232022074,12.0,0
570,12.288224,0.022601,11.936034,12.19076,36.437619,244.0805384416678,10.3,0
571,8.003232,0.022893,7.734268,7.882717,23.64311,374.63908207430666,12.1,0
572,10.432096,0.024445,10.007479,10.310772,30.774791999999998,287.4233046839364,12.7,0
573,7.166252,0.018705,6.970603,7.098464,21.254024,418.4820651141354,13.8,0
574,7.336527,0.022792,7.599657,7.262733,22.221709,408.64635757836714,11.9,0
575,8.005428,0.017698,7.812117,7.937393,23.772636,374.6311756076143,11.3,0
576,8.749652,0.017748,8.484173,8.684341,25.935914,342.7821617077133,11.7,0
577,7.673483,0.018684,7.406193,7.602648,22.701008,390.8312041717844,10.0,0
578,7.239832,0.018389,6.928338,7.172097,21.358656,414.1794042940464,12.5,0
579,7.200922,0.018286,6.914297,7.117562,21.251067,416.4067594476448,12.7,0
580,9.797932,0.021832,9.471528,9.690563,28.981854999999996,305.992495840032,11.9,0
581,8.803304,0.019648,8.542118,8.727563,26.092633000000003,340.6288075913899,10.4,0
582,7.340735,0.018242,7.062407,7.261113,21.682496999999998,408.3915756441254,11.8,0
583,7.609947,0.018637,7.26764,7.535355,22.431579,394.1099997792984,13.2,0
584,7.572451,0.022266,7.172829,7.469964,22.23751,395.9269673116097,13.0,0
585,7.351986,0.018144,7.122306,7.282053,21.774489000000003,407.93038423234844,11.1,0
586,7.605221,0.017629,7.358745,7.532742,22.514337,394.3383009881723,11.3,0
587,7.890706,0.022452,7.559755,7.783565,23.256478,379.9865636751084,12.3,0
588,7.466109,0.017489,7.230626,7.392794,22.107018000000004,401.69553005265027,11.3,0
589,7.854557,0.023077,7.561084,7.755402,23.194119999999998,381.72343806085513,11.1,0
590,9.100203,0.018211,8.687897,9.023135,26.829446,329.54854156645183,12.4,0
591,7.721833,0.018573,7.048857,7.623769,22.413032,388.3928033920674,11.1,0
592,7.559857,0.017386,7.329526,7.490836,22.397605,396.69054302968436,11.6,0
593,7.349736,0.021721,7.064798,7.27847,21.714725,407.9396477767493,12.6,0
594,9.219951,0.013846,8.968241,9.150832,27.352870000000003,325.3016712156491,12.4,0
595,10.414686,0.022391,10.05761,10.31053,30.805217,287.9373264097843,11.3,0
596,7.39382,0.017881,7.146414,7.320681,21.878796,405.54597640939056,12.5,0
597,9.456706,0.018381,9.154405,9.36115,27.990642,317.1325131863699,11.4,0
598,8.484505,0.023764,8.183706,8.382624,25.074599,353.4237454104981,12.1,0
599,7.368248,0.019713,7.077751,7.295887,21.761599,407.02707829043743,11.7,0
600,7.331894,0.017242,6.960528,7.253328,21.562992,409.03620979412665,11.1,0
601,7.474216,0.017044,7.204092,7.405028,22.10038,401.1940068569405,11.8,0
602,7.883231,0.019255,7.57559,7.781359,23.259435000000003,380.4318535590985,11.4,0
603,7.596675,0.018022,7.146064,7.522311,22.283072,394.71528857305816,11.8,0
604,7.441697,0.015773,7.238086,7.376368,22.071924,403.0277594773321,12.7,0
605,7.412252,0.017178,7.146921,7.339564,21.915915,404.54945529438595,12.8,0
606,7.892728,0.022021,7.572394,7.780382,23.267525,379.83919887354887,11.5,0
607,7.760457,0.021846,7.462826,7.670782,22.915910999999998,386.3499970379833,10.7,0
608,9.273509,0.018244,8.904804,9.108565,27.305121999999997,323.39999469624007,11.6,0
609,7.284925,0.018843,7.014079,7.204486,21.522333,411.6159672419549,10.8,0
610,7.559498,0.018331,7.253609,7.466604,22.298042,396.6379906213625,12.4,0
611,9.095768,0.01881,8.850217,9.022662,26.987457000000003,416.81926883231137,11.0,0
612,7.467777,0.022074,7.089915,7.366574,21.94634,401.4207618832254,12.7,0
613,7.616207,0.017262,7.34592,7.549915,22.529304,393.7617119499198,11.0,0
614,7.826195,0.019632,7.529201,7.73179,23.106818,383.2244762918178,12.4,0
615,7.854992,0.018489,7.58721,7.786196,23.246887,381.8192925652147,12.3,0
616,7.153863,0.017243,6.859388,7.084654,21.115148,419.24244567037147,12.6,0
617,10.815151,0.01846,10.528805,10.737789,32.100205,277.3102019650201,11.1,0
618,9.594122,0.018198,9.270531,9.523461,28.406312,312.6174594975425,13.4,0
619,7.529766,0.017391,7.298912,7.457845,22.303914,398.24792154409744,11.3,0
620,7.354536,0.019656,7.042313,7.26668,21.683185,407.69028910269674,11.5,0
621,9.305228,0.017956,9.000856,9.224286,27.548326,322.28258575053326,12.1,0
622,8.351667,0.017606,7.906298,8.260037,24.535608,359.0376784910939,11.9,0
623,9.058794,0.018499,8.806396,8.986835,26.870524,331.0250953435031,11.9,0
624,9.339726,0.018619,9.086254,9.270938,27.715536999999998,321.1208229941348,11.6,0
625,7.77343,0.024182,7.425767,7.660659,22.884038,385.6804560285712,11.1,0
626,7.706262,0.021903,7.322428,7.595543,22.646136,388.9608250325852,11.6,0
627,9.142756,0.019914,8.843911,9.060944,27.067525,327.9569886595753,11.6,0
628,8.479783,0.023714,8.132255,8.397277,25.033029,353.60828970985733,12.2,0
629,7.651293,0.028022,7.185391,7.515501,22.380207,391.8224051887735,10.7,0
630,7.990405,0.021361,7.66488,7.912343,23.588988999999998,375.1637589807951,11.1,0
631,7.998215,0.028879,7.629539,7.872037,23.528669999999998,374.8115166585603,11.6,0
632,13.580936,0.024905,13.114313,13.466553,40.186707,220.81598425081515,12.1,0
633,7.45724,0.018639,7.222358,7.384147,22.082383999999998,402.1368479736391,12.4,0
634,12.248249,0.040709,11.911949,12.104666,36.305573,244.79744235632225,11.1,0
635,7.440217,0.018116,7.119005,7.36451,21.941848,403.0829395548916,11.8,0
636,7.301416,0.020603,7.058953,7.227604,21.608576,410.7188867437194,11.1,0
637,9.061132,0.018912,8.860766,8.965303,26.906112999999998,330.98346108743294,12.1,0
638,7.346691,0.02097,7.993966,7.24173,22.603357,408.0188765853063,12.5,0
639,7.336799,0.016456,7.087722,7.271631,21.712608,408.78222276968756,12.4,0
640,7.171836,0.017285,7.171019,7.100062,21.460202000000002,418.16421726976404,12.0,0
641,9.719952,0.018695,9.408075,9.623794,28.770515999999997,308.5733717020321,11.9,0
642,7.874555,0.023589,9.362823,7.752941,25.013908,380.7416797155301,12.9,0
643,7.479226,0.022962,7.1094,7.36773,21.979318,400.84739138538873,12.5,0
644,7.703409,0.024638,7.378477,7.581964,22.688488,389.20874640273814,11.2,0
645,8.19522,0.023395,7.884786,8.115634,24.219035,365.87985017951894,11.4,0
646,7.907093,0.018708,7.70953,7.840577,23.475908,379.310915973908,12.1,0
647,7.953784,0.02288,7.635419,7.834785,23.446868,376.8685140928725,11.3,0
648,8.308511,0.019694,7.963068,8.236385,24.527657999999995,360.97638336076955,12.2,0
649,7.90558,0.030207,7.578613,7.805195,23.319595,379.25418905214514,12.4,0
650,7.63412,0.021789,7.29377,7.526042,22.475721,392.6469785618676,12.8,0
651,10.247671,0.019301,9.922527,10.134898,30.324397,292.48631895243096,12.1,0
652,9.308961,0.018402,9.091703,9.240514,27.65958,322.1840123916267,12.1,0
653,8.421875,0.018114,8.177722,8.345102,24.962813,356.09293408351823,12.9,0
654,9.591598,0.029488,9.305532,9.503467,28.430085,312.586482260092,12.7,0
655,7.666009,0.017835,7.480005,7.59666,22.760509,391.20952203976645,11.6,0
656,8.073357,0.017979,7.780832,8.002689,23.874857,371.48574485368414,11.5,0
657,7.313119,0.024448,7.321147,7.476166,22.13488,409.8524148777519,13.0,0
658,10.263645,0.025705,10.017985,10.154242,30.461577000000002,292.10919587012125,12.5,0
659,7.421359,0.018005,6.960741,7.345799,21.745904,404.1146413967495,12.7,0
660,9.41858,0.018972,9.004556,9.347181,27.789288999999997,318.4124549366773,12.2,0
661,7.31532,0.022722,7.001007,7.209346,21.548395,409.8461997489282,12.5,0
662,7.28226,0.022163,6.957427,7.186197,21.448047,411.78908218115896,12.9,0
663,7.700581,0.039405,7.47013,7.620835,22.830951,389.4280664701786,11.9,0
664,,,,,,,11.8,0
665,,,,,,,12.1,0
666,,,,,,,12.3,0
667,,,,,,,11.5,0
668,,,,,,,12.9,0
669,,,,,,,11.2,0
670,,,,,,,12.6,0
671,,,,,,,11.5,0
672,,,,,,,13.4,0
673,,,,,,,11.2,0
674,,,,,,,10.4,0
675,,,,,,,10.9,0
676,,,,,,,11.1,0
677,,,,,,,13.4,0
678,,,,,,,10.9,0
679,,,,,,,11.6,0
680,,,,,,,11.9,0
681,,,,,,,12.6,0
682,,,,,,,12.4,0
683,,,,,,,11.7,0
684,,,,,,,12.3,0
685,,,,,,,11.1,0
686,,,,,,,11.1,0
687,,,,,,,12.5,0
688,,,,,,,12.1,0
689,,,,,,,11.6,0
690,,,,,,,13.3,0
691,,,,,,,12.9,0
692,,,,,,,12.0,0
693,,,,,,,11.1,0
694,,,,,,,10.9,0
695,,,,,,,12.1,0
696,,,,,,,11.9,0
697,,,,,,,11.2,0
698,,,,,,,12.9,0
699,,,,,,,11.9,0
700,,,,,,,11.6,0
701,,,,,,,12.6,0
702,,,,,,,10.8,0
703,,,,,,,11.6,0
704,,,,,,,10.4,0
705,,,,,,,11.9,0
706,,,,,,,11.9,0
707,,,,,,,11.4,0
708,,,,,,,11.5,0
709,,,,,,,12.6,0
710,,,,,,,13.0,0
711,,,,,,,11.9,0
712,,,,,,,12.6,0
713,,,,,,,12.7,0
714,,,,,,,11.9,0
715,,,,,,,11.3,0
716,,,,,,,12.9,0
717,,,,,,,13.2,0
718,,,,,,,10.7,0
719,,,,,,,13.2,0
720,,,,,,,12.3,0
721,,,,,,,12.1,0
722,,,,,,,12.9,0
723,,,,,,,11.9,0
724,,,,,,,11.2,0
725,,,,,,,11.7,0
726,,,,,,,10.7,0
727,,,,,,,12.1,0
728,,,,,,,11.2,0
729,,,,,,,11.7,0
730,,,,,,,12.9,0
731,,,,,,,11.8,0
732,,,,,,,12.6,0
733,,,,,,,11.1,0
734,,,,,,,11.6,0
735,,,,,,,11.6,0
736,,,,,,,11.8,0
737,,,,,,,12.4,0
738,,,,,,,12.1,0
739,,,,,,,11.8,0
740,,,,,,,12.8,0
741,,,,,,,11.1,0
742,,,,,,,11.9,0
743,,,,,,,11.8,0
744,,,,,,,11.9,0
745,,,,,,,11.1,0
746,,,,,,,11.0,0
747,,,,,,,11.6,0
748,,,,,,,11.1,0
749,,,,,,,12.5,0
750,,,,,,,11.4,0
751,,,,,,,13.0,0
752,,,,,,,12.3,0
753,,,,,,,11.6,0
754,,,,,,,11.9,0
755,,,,,,,11.8,0
756,,,,,,,12.2,0
757,,,,,,,11.5,0
758,,,,,,,12.1,0
759,,,,,,,13.9,0
760,,,,,,,11.9,0
761,,,,,,,12.1,0
762,,,,,,,11.5,0
763,,,,,,,12.4,0
764,,,,,,,12.0,0
765,,,,,,,11.8,0
766,,,,,,,10.5,0
767,,,,,,,12.6,0
768,,,,,,,12.5,0
769,,,,,,,12.6,0
770,,,,,,,13.8,0
771,,,,,,,12.6,0
772,,,,,,,11.7,0
773,,,,,,,11.8,0
774,,,,,,,10.6,0
775,,,,,,,10.9,0
776,,,,,,,12.1,0
777,,,,,,,11.1,0
778,,,,,,,11.6,0
779,,,,,,,12.1,0
780,,,,,,,12.4,0
781,,,,,,,10.2,0
782,,,,,,,11.0,0
783,,,,,,,11.7,0
784,,,,,,,12.0,0
785,,,,,,,12.1,0
786,,,,,,,10.9,0
787,,,,,,,12.6,0
788,,,,,,,13.4,0
789,,,,,,,12.7,0
790,,,,,,,11.8,0
791,,,,,,,13.0,0
792,,,,,,,11.0,0
793,,,,,,,12.0,0
794,,,,,,,11.9,0
795,,,,,,,11.2,0
796,,,,,,,11.8,0
797,,,,,,,12.3,0
798,,,,,,,12.1,0
799,,,,,,,12.2,0
800,,,,,,,11.0,0
801,,,,,,,11.4,0
802,,,,,,,12.7,0
803,,,,,,,12.4,0
804,,,,,,,11.8,0
805,,,,,,,12.4,0
806,,,,,,,10.2,0
807,,,,,,,11.1,0
808,,,,,,,11.6,0
809,,,,,,,12.2,0
810,,,,,,,11.7,0
811,,,,,,,11.5,0
812,,,,,,,11.2,0
813,,,,,,,12.1,0
814,,,,,,,11.0,0
815,,,,,,,12.1,0
816,,,,,,,13.6,0
817,,,,,,,12.8,0
818,,,,,,,13.5,0
819,,,,,,,11.6,0
820,,,,,,,11.1,0
821,,,,,,,11.3,0
822,,,,,,,11.7,0
823,,,,,,,12.4,0
824,,,,,,,12.6,0
825,,,,,,,11.7,0
826,,,,,,,12.4,0
827,,,,,,,11.3,0
828,,,,,,,13.0,0
829,,,,,,,11.4,0
830,,,,,,,13.7,0
831,,,,,,,11.6,0
832,,,,,,,11.6,0
833,,,,,,,10.7,0
834,,,,,,,12.3,0
835,,,,,,,12.9,0
836,,,,,,,12.4,0
837,,,,,,,11.1,0
838,,,,,,,13.7,0
839,,,,,,,12.0,0
840,,,,,,,10.7,0
841,,,,,,,11.5,0
842,,,,,,,11.4,0
843,,,,,,,11.6,0
844,,,,,,,11.1,0
845,,,,,,,11.1,0
846,,,,,,,13.3,0
847,,,,,,,10.9,0
848,,,,,,,12.9,0
849,,,,,,,11.3,0
850,,,,,,,12.4,0
851,,,,,,,12.6,0
852,,,,,,,12.6,0
853,,,,,,,12.1,0
854,,,,,,,11.7,0
855,,,,,,,13.3,0
856,,,,,,,11.6,0
857,,,,,,,10.2,0
858,,,,,,,11.6,0
859,,,,,,,12.6,0
860,,,,,,,12.3,0
861,,,,,,,11.3,0
862,,,,,,,11.9,0
863,,,,,,,12.5,0
864,,,,,,,12.4,0
865,,,,,,,12.0,0
866,,,,,,,12.9,0
867,,,,,,,12.4,0
868,,,,,,,11.2,0
869,,,,,,,10.7,0
870,,,,,,,12.4,0
871,,,,,,,10.8,0
872,,,,,,,10.9,0
873,,,,,,,12.5,0
874,,,,,,,12.0,0
875,,,,,,,12.4,0
876,,,,,,,11.4,0
877,,,,,,,12.4,0
878,,,,,,,12.1,0
879,,,,,,,11.2,0
880,,,,,,,11.3,0
881,,,,,,,12.0,0
882,,,,,,,11.1,0
883,,,,,,,11.3,0
884,,,,,,,10.9,0
885,,,,,,,11.1,0
886,,,,,,,11.0,0
887,,,,,,,11.2,0
888,,,,,,,11.6,0
889,,,,,,,12.8,0
890,,,,,,,12.6,0
891,,,,,,,11.9,0
892,,,,,,,10.7,0
893,,,,,,,11.4,0
894,,,,,,,11.8,0
895,,,,,,,11.2,0
896,,,,,,,13.8,0
897,,,,,,,12.8,0
898,,,,,,,12.1,0
899,,,,,,,11.5,0
900,,,,,,,11.8,0
901,,,,,,,12.5,0
902,,,,,,,11.6,0
903,,,,,,,12.0,0
904,,,,,,,11.0,0
905,,,,,,,12.1,0
906,,,,,,,12.6,0
907,,,,,,,13.0,0
908,,,,,,,11.8,0
909,,,,,,,12.9,0
910,,,,,,,12.9,0
911,,,,,,,12.4,0
912,,,,,,,11.2,0
913,,,,,,,12.0,0
914,,,,,,,13.1,0
915,,,,,,,13.1,0
916,,,,,,,13.1,0
917,,,,,,,10.7,0
918,,,,,,,11.6,0
919,,,,,,,11.9,0
920,,,,,,,11.4,0
921,,,,,,,12.4,0
922,,,,,,,11.8,0
923,,,,,,,12.4,0
924,,,,,,,12.2,0
925,,,,,,,10.6,0
926,,,,,,,13.2,0
927,,,,,,,11.1,0
928,,,,,,,11.7,0
929,,,,,,,11.6,0
930,,,,,,,10.5,0
931,,,,,,,11.6,0
932,,,,,,,12.1,0
933,,,,,,,11.7,0
934,,,,,,,13.4,0
935,,,,,,,13.0,0
936,,,,,,,13.5,0
937,,,,,,,11.6,0
938,,,,,,,13.2,0
939,,,,,,,12.4,0
940,,,,,,,12.6,0
941,,,,,,,11.5,0
942,,,,,,,10.7,0
943,,,,,,,11.9,0
944,,,,,,,11.1,0
945,,,,,,,12.4,0
946,,,,,,,11.3,0
947,,,,,,,11.6,0
948,,,,,,,11.3,0
949,,,,,,,12.4,0
950,,,,,,,12.4,0
951,,,,,,,12.1,0
952,,,,,,,11.9,0
953,,,,,,,11.5,0
954,,,,,,,13.4,0
955,,,,,,,13.0,0
956,,,,,,,12.1,0
957,,,,,,,11.1,0
958,,,,,,,12.9,0
959,,,,,,,12.0,0
960,,,,,,,11.4,0
961,,,,,,,12.4,0
962,,,,,,,11.1,0
963,,,,,,,12.3,0
964,,,,,,,11.2,0
965,,,,,,,13.5,0
966,,,,,,,11.3,0
967,,,,,,,11.0,0
968,,,,,,,12.2,0
969,,,,,,,10.7,0
970,,,,,,,13.0,0
971,,,,,,,12.4,0
972,,,,,,,11.2,0
973,,,,,,,12.6,0
974,,,,,,,12.1,0
975,,,,,,,11.4,0
976,,,,,,,11.2,0
977,,,,,,,11.3,0
978,,,,,,,11.2,0
979,,,,,,,11.6,0
980,,,,,,,12.3,0
981,,,,,,,10.7,0
982,,,,,,,12.1,0
983,,,,,,,11.4,0
984,,,,,,,12.6,0
985,,,,,,,13.1,0
986,,,,,,,11.9,0
987,,,,,,,10.9,0
988,,,,,,,12.6,0
989,,,,,,,11.8,0
990,,,,,,,11.4,0
991,,,,,,,11.6,0
992,,,,,,,11.5,0
993,,,,,,,12.6,0
994,,,,,,,12.1,0
995,,,,,,,11.5,0
996,,,,,,,11.4,0
997,,,,,,,10.5,0
998,,,,,,,11.7,0
999,,,,,,,11.5,0
1000,,,,,,,12.1,0
1001,,,,,,,11.3,0
1002,,,,,,,12.6,0
1003,,,,,,,12.4,0
1004,,,,,,,11.5,0
1005,,,,,,,12.9,0
1006,,,,,,,13.0,0
1007,,,,,,,12.2,0
1008,,,,,,,12.6,0
1009,,,,,,,10.7,0
1010,,,,,,,12.0,0
1011,,,,,,,11.8,0
1012,,,,,,,11.9,0
1013,,,,,,,11.7,0
1014,,,,,,,11.4,0
1015,,,,,,,13.1,0
1016,,,,,,,11.8,0
1017,,,,,,,12.3,0
1018,,,,,,,11.9,0
1019,,,,,,,11.0,0
1020,,,,,,,12.4,0
1021,,,,,,,11.6,0
1022,,,,,,,13.1,0
1023,,,,,,,11.7,0
1024,,,,,,,12.1,0
1025,,,,,,,11.9,0
1026,,,,,,,13.0,0
1027,,,,,,,11.6,0
1028,,,,,,,12.3,0
1029,,,,,,,11.8,0
1030,,,,,,,11.9,0
1031,,,,,,,11.8,0
1032,,,,,,,13.6,0
1033,,,,,,,13.1,0
1034,,,,,,,10.2,0
1035,,,,,,,11.1,0
1036,,,,,,,10.6,0
1037,,,,,,,12.0,0
1038,,,,,,,10.6,0
1039,,,,,,,11.8,0
1040,,,,,,,11.9,0
1041,,,,,,,10.6,0
1042,,,,,,,12.0,0
1043,,,,,,,12.6,0
1044,,,,,,,11.6,0
1045,,,,,,,12.3,0
1046,,,,,,,12.1,0
1047,,,,,,,11.9,0
1048,,,,,,,12.9,0
1049,,,,,,,12.9,0
1050,,,,,,,11.6,0
1051,,,,,,,12.1,0
1052,,,,,,,12.6,0
1053,,,,,,,13.0,0
1054,,,,,,,11.9,0
1055,,,,,,,12.3,0
1056,,,,,,,11.1,0
1057,,,,,,,12.0,0
1058,,,,,,,12.7,0
1059,,,,,,,11.0,0
1060,,,,,,,11.7,0
1061,,,,,,,11.6,0
1062,,,,,,,12.9,0
1063,,,,,,,12.0,0
1064,,,,,,,12.0,0
1065,,,,,,,12.2,0
1066,,,,,,,13.0,0
1067,,,,,,,11.6,0
1068,,,,,,,11.9,0
1069,,,,,,,11.9,0
1070,,,,,,,11.2,0
1071,,,,,,,11.1,0
1072,,,,,,,11.5,0
1073,,,,,,,11.8,0
1074,,,,,,,11.4,0
1075,,,,,,,11.6,0
1076,,,,,,,11.1,0
1077,,,,,,,11.7,0
1078,,,,,,,11.9,0
1079,,,,,,,12.1,0
1080,,,,,,,11.2,0
1081,,,,,,,12.2,0
1082,,,,,,,12.2,0
1083,,,,,,,12.0,0
1084,,,,,,,9.7,0
1085,,,,,,,11.7,0
1086,,,,,,,13.0,0
1087,,,,,,,11.8,0
1088,,,,,,,11.2,0
1089,,,,,,,12.4,0
1090,,,,,,,11.3,0
1091,,,,,,,12.6,0
1092,,,,,,,12.8,0
1093,,,,,,,11.8,0
1094,,,,,,,11.5,0
1095,,,,,,,10.3,0
1096,,,,,,,12.4,0
1097,,,,,,,11.7,0
1098,,,,,,,11.4,0
1099,,,,,,,12.0,0
1100,,,,,,,11.2,0
1101,,,,,,,12.4,0
1102,,,,,,,12.4,0
1103,,,,,,,10.7,0
1104,,,,,,,11.6,0
1105,,,,,,,12.1,0
1106,,,,,,,13.1,0
1107,,,,,,,13.0,0
1108,,,,,,,12.2,0
1109,,,,,,,12.4,0
1110,,,,,,,11.7,0
1111,,,,,,,12.6,0
1112,,,,,,,13.6,0
1113,,,,,,,11.9,0
1114,,,,,,,11.7,0
1115,,,,,,,10.2,0
1116,,,,,,,10.3,0
1117,,,,,,,12.4,0
1118,,,,,,,11.7,0
1119,,,,,,,12.0,0
1120,,,,,,,11.1,0
1121,,,,,,,12.8,0
1122,,,,,,,11.4,0
1123,,,,,,,11.4,0
1124,,,,,,,12.0,0
1125,,,,,,,11.3,0
1126,,,,,,,11.5,0
1127,,,,,,,12.4,0
1128,,,,,,,12.0,0
1129,,,,,,,11.3,0
1130,,,,,,,11.8,0
1131,,,,,,,14.1,0
1132,,,,,,,11.5,0
1133,,,,,,,12.5,0
1134,,,,,,,11.8,0
1135,,,,,,,10.9,0
1136,,,,,,,11.8,0
1137,,,,,,,11.5,0
1138,,,,,,,10.7,0
1139,,,,,,,12.5,0
1140,,,,,,,11.3,0
1141,,,,,,,12.3,0
1142,,,,,,,11.4,0
1143,,,,,,,10.5,0
1144,,,,,,,11.9,0
1145,,,,,,,10.6,0
1146,,,,,,,13.0,0
1147,,,,,,,10.6,0
1148,,,,,,,10.8,0
1149,,,,,,,11.1,0
1150,,,,,,,13.2,0
1151,,,,,,,12.1,0
1152,,,,,,,11.2,0
1153,,,,,,,12.9,0
1154,,,,,,,12.6,0
1155,,,,,,,12.1,0
1156,,,,,,,12.0,0
1157,,,,,,,11.9,0
1158,,,,,,,13.3,0
1159,,,,,,,11.1,0
1160,,,,,,,13.2,0
1161,,,,,,,13.4,0
1162,,,,,,,11.9,0
1163,,,,,,,12.4,0
1164,,,,,,,11.9,0
1165,,,,,,,11.6,0
1166,,,,,,,10.6,0
1167,,,,,,,12.6,0
1168,,,,,,,11.6,0
1169,,,,,,,11.6,0
1170,,,,,,,13.0,0
1171,,,,,,,10.9,0
1172,,,,,,,12.3,0
1173,,,,,,,11.8,0
1174,,,,,,,11.4,0
1175,,,,,,,12.0,0
1176,,,,,,,12.6,0
1177,,,,,,,11.1,0
1178,,,,,,,12.5,0
1179,,,,,,,11.8,0
1180,,,,,,,13.1,0
1181,,,,,,,12.1,0
1182,,,,,,,11.6,0
1183,,,,,,,11.5,0
1184,,,,,,,11.1,0
1185,,,,,,,12.1,0
1186,,,,,,,11.7,0
1187,,,,,,,13.5,0
1188,,,,,,,10.6,0
1189,,,,,,,12.3,0
1190,,,,,,,13.2,0
1191,,,,,,,11.7,0
1192,,,,,,,12.2,0
1193,,,,,,,11.1,0
1194,,,,,,,12.0,0
1195,,,,,,,11.6,0
1196,,,,,,,11.3,0
1197,,,,,,,12.1,0
1198,,,,,,,12.4,0
1199,,,,,,,11.9,0
1200,,,,,,,12.9,0
1201,,,,,,,11.3,0
1202,,,,,,,12.8,0
1203,,,,,,,12.4,0
1204,,,,,,,11.1,0
1205,,,,,,,12.8,0
1206,,,,,,,10.6,0
1207,,,,,,,12.0,0
1208,,,,,,,11.4,0
1209,,,,,,,13.2,0
1210,,,,,,,12.0,0
1211,,,,,,,12.7,0
1212,,,,,,,11.4,0
1213,,,,,,,11.9,0
1214,,,,,,,11.8,0
1215,,,,,,,10.1,0
1216,,,,,,,12.1,0
1217,,,,,,,10.6,0
1218,,,,,,,11.7,0
1219,,,,,,,13.0,0
1220,,,,,,,11.4,0
1221,,,,,,,11.5,0
1222,,,,,,,10.6,0
1223,,,,,,,11.1,0
1224,,,,,,,12.7,0
1225,,,,,,,11.8,0
1226,,,,,,,11.0,0
1227,,,,,,,11.2,0
1228,,,,,,,10.3,0
1229,,,,,,,14.0,0
1230,,,,,,,11.9,0
1231,,,,,,,11.8,0
1232,,,,,,,12.1,0
1233,,,,,,,12.1,0
1234,,,,,,,11.6,0
1235,,,,,,,11.6,0
1236,,,,,,,11.1,0
1237,,,,,,,11.8,0
1238,,,,,,,13.5,0
1239,,,,,,,13.1,0
1240,,,,,,,12.3,0
1241,,,,,,,12.9,0
1242,,,,,,,11.9,0
1243,,,,,,,11.9,0
1244,,,,,,,12.6,0
1245,,,,,,,11.6,0
1246,,,,,,,11.8,0
1247,,,,,,,12.1,0
1248,,,,,,,11.4,0
1249,,,,,,,14.4,0
1250,,,,,,,12.4,0
1251,,,,,,,11.7,0
1252,,,,,,,12.5,0
1253,,,,,,,11.9,0
1254,,,,,,,11.3,0
1255,,,,,,,11.8,0
1256,,,,,,,12.3,0
1257,,,,,,,11.2,0
1258,,,,,,,14.3,0
1259,,,,,,,10.8,0
1260,,,,,,,12.7,0
1261,,,,,,,11.3,0
1262,,,,,,,11.1,0
1263,,,,,,,11.1,0
1264,,,,,,,13.0,0
1265,,,,,,,10.7,0
1266,,,,,,,12.0,0
1267,,,,,,,11.9,0
1268,,,,,,,13.5,0
1269,,,,,,,13.5,0
1270,,,,,,,11.5,0
1271,,,,,,,11.4,0
1272,,,,,,,11.1,0
1273,,,,,,,12.8,0
1274,,,,,,,12.4,0
1275,,,,,,,10.7,0
1276,,,,,,,11.9,0
1277,,,,,,,11.5,0
1278,,,,,,,12.6,0
1279,,,,,,,12.4,0
1280,,,,,,,11.1,0
1281,,,,,,,10.9,0
1282,,,,,,,12.2,0
1283,,,,,,,11.9,0
1284,,,,,,,11.7,0
1285,,,,,,,11.8,0
1286,,,,,,,12.3,0
1287,,,,,,,12.0,0
1288,,,,,,,12.3,0
1289,,,,,,,12.9,0
1290,,,,,,,12.4,0
1291,,,,,,,12.4,0
1292,,,,,,,11.6,0
1293,,,,,,,11.9,0
1294,,,,,,,12.9,0
1295,,,,,,,11.5,0
1296,,,,,,,11.8,0
1297,,,,,,,11.9,0
1298,,,,,,,11.9,0
1299,,,,,,,12.8,0
1300,,,,,,,10.7,0
1301,,,,,,,12.4,0
1302,,,,,,,12.5,0
1303,,,,,,,12.7,0
1304,,,,,,,12.1,0
1305,,,,,,,13.0,0
1306,,,,,,,11.6,0
1307,,,,,,,14.2,0
1308,,,,,,,12.8,0
1309,,,,,,,11.9,0
1310,,,,,,,10.7,0
1311,,,,,,,11.4,0
1312,,,,,,,12.5,0
1313,,,,,,,11.1,0
1314,,,,,,,9.6,0
1315,,,,,,,13.0,0
1316,,,,,,,10.6,0
1317,,,,,,,13.0,0
1318,,,,,,,11.4,0
1319,,,,,,,11.6,0
1320,,,,,,,11.1,0
1321,,,,,,,11.0,0
1322,,,,,,,13.2,0
1323,,,,,,,12.6,0
1324,,,,,,,10.8,0
1325,,,,,,,12.1,0
1326,,,,,,,11.8,0
1327,,,,,,,13.5,0
1328,,,,,,,12.1,0
1329,,,,,,,12.4,0
1330,,,,,,,12.6,0
1331,,,,,,,11.4,0
1332,,,,,,,11.1,0
1333,,,,,,,10.9,0
1334,,,,,,,11.8,0
1335,,,,,,,10.1,0
1336,,,,,,,12.1,0
1337,,,,,,,13.1,0
1338,,,,,,,10.6,0
1339,,,,,,,12.6,0
1340,,,,,,,11.8,0
1341,,,,,,,11.2,0
1342,,,,,,,10.3,0
1343,,,,,,,12.1,0
1344,,,,,,,11.8,0
1345,,,,,,,11.6,0
1346,,,,,,,13.1,0
1347,,,,,,,11.6,0
1348,,,,,,,11.1,0
1349,,,,,,,11.0,0
1350,,,,,,,11.9,0
1351,,,,,,,11.5,0
1352,,,,,,,11.9,0
1353,,,,,,,11.5,0
1354,,,,,,,11.9,0
1355,,,,,,,12.1,0
1356,,,,,,,13.4,0
1357,,,,,,,11.6,0
1358,,,,,,,12.3,0
1359,,,,,,,12.7,0
1360,,,,,,,11.9,0
1361,,,,,,,11.9,0
1362,,,,,,,11.5,0
1363,,,,,,,11.6,0
1364,,,,,,,11.3,0
1365,,,,,,,12.8,0
1366,,,,,,,13.7,0
1367,,,,,,,12.6,0
1368,,,,,,,11.6,0
1369,,,,,,,12.5,0
1370,,,,,,,11.6,0
1371,,,,,,,12.4,0
1372,,,,,,,11.0,0
1373,,,,,,,11.9,0
1374,,,,,,,11.7,0
1375,,,,,,,10.5,0
1376,,,,,,,13.4,0
1377,,,,,,,12.1,0
1378,,,,,,,11.4,0
1379,,,,,,,12.1,0
1380,,,,,,,12.0,0
1381,,,,,,,11.5,0
1382,,,,,,,12.7,0
1383,,,,,,,12.2,0
1384,,,,,,,11.4,0
1385,,,,,,,12.1,0
1386,,,,,,,12.7,0
1387,,,,,,,12.9,0
1388,,,,,,,12.4,0
1389,,,,,,,12.1,0
1390,,,,,,,11.7,0
1391,,,,,,,12.6,0
1392,,,,,,,12.5,0
1393,,,,,,,12.9,0
1394,,,,,,,11.1,0
1395,,,,,,,13.0,0
1396,,,,,,,9.7,0
1397,,,,,,,12.0,0
1398,,,,,,,12.5,0
1399,,,,,,,12.2,0
1400,,,,,,,12.4,0
1401,,,,,,,11.2,0
1402,,,,,,,13.0,0
1403,,,,,,,11.7,0
1404,,,,,,,11.9,0
1405,,,,,,,12.4,0
1406,,,,,,,12.1,0
1407,,,,,,,11.4,0
1408,,,,,,,11.8,0
1409,,,,,,,11.6,0
1410,,,,,,,11.9,0
1411,,,,,,,12.7,0
1412,,,,,,,12.4,0
1413,,,,,,,11.2,0
1414,,,,,,,11.1,0
1415,,,,,,,12.9,0
1416,,,,,,,11.9,0
1417,,,,,,,11.7,0
1418,,,,,,,12.9,0
1419,,,,,,,12.0,0
1420,,,,,,,11.6,0
1421,,,,,,,12.4,0
1422,,,,,,,12.7,0
1423,,,,,,,10.2,0
1424,,,,,,,11.4,0
1425,,,,,,,12.6,0
1426,,,,,,,12.9,0
1427,,,,,,,11.9,0
1428,,,,,,,12.9,0
1429,,,,,,,10.6,0
1430,,,,,,,10.6,0
1431,,,,,,,11.4,0
1432,,,,,,,11.6,0
1433,,,,,,,11.9,0
1434,,,,,,,12.4,0
1435,,,,,,,12.4,0
1436,,,,,,,11.7,0
1437,,,,,,,12.6,0
1438,,,,,,,11.9,0
1439,,,,,,,12.7,0
1440,,,,,,,12.3,0
1441,,,,,,,12.4,0
1442,,,,,,,11.8,0
1443,,,,,,,12.5,0
1444,,,,,,,12.8,0
1445,,,,,,,11.4,0
1446,,,,,,,12.4,0
1447,,,,,,,12.4,0
1448,,,,,,,11.9,0
1449,,,,,,,11.6,0
1450,,,,,,,13.0,0
1451,,,,,,,11.7,0
1452,,,,,,,11.1,0
1453,,,,,,,12.4,0
1454,,,,,,,12.9,0
1455,,,,,,,12.4,0
1456,,,,,,,11.4,0
1457,,,,,,,10.6,0
1458,,,,,,,11.2,0
1459,,,,,,,11.4,0
1460,,,,,,,10.6,0
1461,,,,,,,12.4,0
1462,,,,,,,12.4,0
1463,,,,,,,11.0,0
1464,,,,,,,13.9,0
1465,,,,,,,11.6,0
1466,,,,,,,10.9,0
1467,,,,,,,12.3,0
1468,,,,,,,11.1,0
1469,,,,,,,12.1,0
1470,,,,,,,12.7,0
1471,,,,,,,11.6,0
1472,,,,,,,11.1,0
1473,,,,,,,12.1,0
1474,,,,,,,13.6,0
1475,,,,,,,16.3,0
1476,,,,,,,11.5,0
1477,,,,,,,13.0,0
1478,,,,,,,11.3,0
1479,,,,,,,11.9,0
1480,,,,,,,11.3,0
1481,,,,,,,13.4,0
1482,,,,,,,11.2,0
1483,,,,,,,11.4,0
1484,,,,,,,11.0,0
1485,,,,,,,11.6,0
1486,,,,,,,12.6,0
1487,,,,,,,11.6,0
1488,,,,,,,11.5,0
1489,,,,,,,11.8,0
1490,,,,,,,11.1,0
1491,,,,,,,10.7,0
1492,,,,,,,12.9,0
1493,,,,,,,12.1,0
1494,,,,,,,13.1,0
1495,,,,,,,11.3,0
1496,,,,,,,11.7,0
1497,,,,,,,12.0,0
1498,,,,,,,12.5,0
1499,,,,,,,11.6,0
1500,,,,,,,12.1,0
1501,,,,,,,12.0,0
1502,,,,,,,12.1,0
1503,,,,,,,13.5,0
1504,,,,,,,11.7,0
1505,,,,,,,12.0,0
1506,,,,,,,12.1,0
1507,,,,,,,12.4,0
1508,,,,,,,12.9,0
1509,,,,,,,11.5,0
1510,,,,,,,11.1,0
1511,,,,,,,12.8,0
1512,,,,,,,11.4,0
1513,,,,,,,12.1,0
1514,,,,,,,11.0,0
1515,,,,,,,12.1,0
1516,,,,,,,11.4,0
1517,,,,,,,11.3,0
1518,,,,,,,11.9,0
1519,,,,,,,11.0,0
1520,,,,,,,12.8,0
1521,,,,,,,10.4,0
1522,,,,,,,12.1,0
1523,,,,,,,13.6,0
1524,,,,,,,11.6,0
1525,,,,,,,13.3,0
1526,,,,,,,12.3,0
1527,,,,,,,11.0,0
1528,,,,,,,13.0,0
1529,,,,,,,12.9,0
1530,,,,,,,11.3,0
1531,,,,,,,11.3,0
1532,,,,,,,12.8,0
1533,,,,,,,12.6,0
1534,,,,,,,11.6,0
1535,,,,,,,11.9,0
1536,,,,,,,12.2,0
1537,,,,,,,11.9,0
1538,,,,,,,11.5,0
1539,,,,,,,10.7,0
1540,,,,,,,11.7,0
1541,,,,,,,10.6,0
1542,,,,,,,11.0,0
1543,,,,,,,12.7,0
1544,,,,,,,10.8,0
1545,,,,,,,11.9,0
1546,,,,,,,10.2,0
1547,,,,,,,10.8,0
1548,,,,,,,11.4,0
1549,,,,,,,11.6,0
1550,,,,,,,11.9,0
1551,,,,,,,12.9,0
1552,,,,,,,12.7,0
1553,,,,,,,10.7,0
1554,,,,,,,12.3,0
1555,,,,,,,11.5,0
1556,,,,,,,12.7,0
1557,,,,,,,11.6,0
1558,,,,,,,12.0,0
1559,,,,,,,11.9,0
1560,,,,,,,12.1,0
1561,,,,,,,11.8,0
1562,,,,,,,13.1,0
1563,,,,,,,11.8,0
1564,,,,,,,11.5,0
1565,,,,,,,12.6,0
1566,,,,,,,11.8,0
1567,,,,,,,12.1,0
1568,,,,,,,12.7,0
1569,,,,,,,11.4,0
1570,,,,,,,11.9,0
1571,,,,,,,11.8,0
1572,,,,,,,12.4,0
1573,,,,,,,11.7,0
1574,,,,,,,12.1,0
1575,,,,,,,11.7,0
1576,,,,,,,10.1,0
1577,,,,,,,12.1,0
1578,,,,,,,10.6,0
1579,,,,,,,12.2,0
1580,,,,,,,12.2,0
1581,,,,,,,11.4,0
1582,,,,,,,13.0,0
1583,,,,,,,13.1,0
1584,,,,,,,11.4,0
1585,,,,,,,12.1,0
1586,,,,,,,12.6,0
1587,,,,,,,12.0,0
1588,,,,,,,11.6,0
1589,,,,,,,12.1,0
1590,,,,,,,10.7,0
1591,,,,,,,13.5,0
1592,,,,,,,13.2,0
1593,,,,,,,12.1,0
1594,,,,,,,10.6,0
1595,,,,,,,12.5,0
1596,,,,,,,11.8,0
1597,,,,,,,11.3,0
1598,,,,,,,12.2,0
1599,,,,,,,13.5,0
1600,,,,,,,10.7,0
1601,,,,,,,13.0,0
1602,,,,,,,12.3,0
1603,,,,,,,10.6,0
1604,,,,,,,12.2,0
1605,,,,,,,11.7,0
1606,,,,,,,11.6,0
1607,,,,,,,11.0,0
1608,,,,,,,11.8,0
1609,,,,,,,10.7,0
1610,,,,,,,11.7,0
1611,,,,,,,11.9,0
1612,,,,,,,11.2,0
1613,,,,,,,11.1,0
1614,,,,,,,12.0,0
1615,,,,,,,11.5,0
1616,,,,,,,11.6,0
1617,,,,,,,12.1,0
1618,,,,,,,11.7,0
1619,,,,,,,11.9,0
1620,,,,,,,12.5,0
1621,,,,,,,12.7,0
1622,,,,,,,11.1,0
1623,,,,,,,11.6,0
1624,,,,,,,12.6,0
1625,,,,,,,12.8,0
1626,,,,,,,11.8,0
1627,,,,,,,12.1,0
1628,,,,,,,11.8,0
1629,,,,,,,11.4,0
1630,,,,,,,11.5,0
1631,,,,,,,11.7,0
1632,,,,,,,13.2,0
1633,,,,,,,11.3,0
1634,,,,,,,11.2,0
1635,,,,,,,12.3,0
1636,,,,,,,11.6,0
1637,,,,,,,13.4,0
1638,,,,,,,12.6,0
1639,,,,,,,12.4,0
1640,,,,,,,10.9,0
1641,,,,,,,13.7,0
1642,,,,,,,12.4,0
1643,,,,,,,11.2,0
1644,,,,,,,13.7,0
1645,,,,,,,12.3,0
1646,,,,,,,11.8,0
1647,,,,,,,12.0,0
1648,,,,,,,11.5,0
1649,,,,,,,11.6,0
1650,,,,,,,13.5,0
1651,,,,,,,11.1,0
1652,,,,,,,13.0,0
1653,,,,,,,11.7,0
1654,,,,,,,11.1,0
1655,,,,,,,11.7,0
1656,,,,,,,11.9,0
1657,,,,,,,10.6,0
1658,,,,,,,11.1,0
1659,,,,,,,11.2,0
1660,,,,,,,13.0,0
1661,,,,,,,12.5,0
1662,,,,,,,12.1,0
1663,,,,,,,11.9,0
1664,,,,,,,10.2,0
1665,,,,,,,11.0,0
1666,,,,,,,12.7,0
1667,,,,,,,12.9,0
1668,,,,,,,11.6,0
1669,,,,,,,12.9,0
1670,,,,,,,12.2,0
1671,,,,,,,11.4,0
1672,,,,,,,11.7,0
1673,,,,,,,10.6,0
1674,,,,,,,12.1,0
1675,,,,,,,11.9,0
1676,,,,,,,12.9,0
1677,,,,,,,10.9,0
1678,,,,,,,12.1,0
1679,,,,,,,11.5,0
1680,,,,,,,13.1,0
1681,,,,,,,12.4,0
1682,,,,,,,10.7,0
1683,,,,,,,12.3,0
1684,,,,,,,11.9,0
1685,,,,,,,12.0,0
1686,,,,,,,11.9,0
1687,,,,,,,11.7,0
1688,,,,,,,12.2,0
1689,,,,,,,14.0,0
1690,,,,,,,11.0,0
1691,,,,,,,11.6,0
1692,,,,,,,10.6,0
1693,,,,,,,13.3,0
1694,,,,,,,12.1,0
1695,,,,,,,12.4,0
1696,,,,,,,11.9,0
1697,,,,,,,11.8,0
1698,,,,,,,11.8,0
1699,,,,,,,12.6,0
1700,,,,,,,11.3,0
1701,,,,,,,11.1,0
1702,,,,,,,11.4,0
1703,,,,,,,12.4,0
1704,,,,,,,11.6,0
1705,,,,,,,11.8,0
1706,,,,,,,12.3,0
1707,,,,,,,12.4,0
1708,,,,,,,10.6,0
1709,,,,,,,11.7,0
1710,,,,,,,11.4,0
1711,,,,,,,12.6,0
1712,,,,,,,11.7,0
1713,,,,,,,12.9,0
1714,,,,,,,12.9,0
1715,,,,,,,12.2,0
1716,,,,,,,11.4,0
1717,,,,,,,11.7,0
1718,,,,,,,11.9,0
1719,,,,,,,13.0,0
1720,,,,,,,13.3,0
1721,,,,,,,10.2,0
1722,,,,,,,11.1,0
1723,,,,,,,11.3,0
1724,,,,,,,12.0,0
1725,,,,,,,12.4,0
1726,,,,,,,10.3,0
1727,,,,,,,11.3,0
1728,,,,,,,12.1,0
1729,,,,,,,13.1,0
1730,,,,,,,12.1,0
1731,,,,,,,12.3,0
1732,,,,,,,12.4,0
1733,,,,,,,11.6,0
1734,,,,,,,12.3,0
1735,,,,,,,11.4,0
1736,,,,,,,13.8,0
1737,,,,,,,12.7,0
1738,,,,,,,12.1,0
1739,,,,,,,10.9,0
1740,,,,,,,11.5,0
1741,,,,,,,12.2,0
1742,,,,,,,13.5,0
1743,,,,,,,11.6,0
1744,,,,,,,11.6,0
1745,,,,,,,11.9,0
1746,,,,,,,11.6,0
1747,,,,,,,12.0,0
1748,,,,,,,13.2,0
1749,,,,,,,11.0,0
1750,,,,,,,11.5,0
1751,,,,,,,11.2,0
1752,,,,,,,11.8,0
1753,,,,,,,11.2,0
1754,,,,,,,11.5,0
1755,,,,,,,12.1,0
1756,,,,,,,12.4,0
1757,,,,,,,12.2,0
1758,,,,,,,13.7,0
1759,,,,,,,10.8,0
1760,,,,,,,12.5,0
1761,,,,,,,11.6,0
1762,,,,,,,12.7,0
1763,,,,,,,10.6,0
1764,,,,,,,11.1,0
1765,,,,,,,13.3,0
1766,,,,,,,12.1,0
1767,,,,,,,12.0,0
1768,,,,,,,12.2,0
1769,,,,,,,12.1,0
1770,,,,,,,11.1,0
1771,,,,,,,12.3,0
1772,,,,,,,11.3,0
1773,,,,,,,11.4,0
1774,,,,,,,12.3,0
1775,,,,,,,11.6,0
1776,,,,,,,11.1,0
1777,,,,,,,13.7,0
1778,,,,,,,12.3,0
1779,,,,,,,12.1,0
1780,,,,,,,12.2,0
1781,,,,,,,11.1,0
1782,,,,,,,12.4,0
1783,,,,,,,12.6,0
1784,,,,,,,11.9,0
1785,,,,,,,11.9,0
1786,,,,,,,11.7,0
1787,,,,,,,12.6,0
1788,,,,,,,12.6,0
1789,,,,,,,12.0,0
1790,,,,,,,11.9,0
1791,,,,,,,12.0,0
1792,,,,,,,11.9,0
1793,,,,,,,11.2,0
1794,,,,,,,12.6,0
1795,,,,,,,11.8,0
1796,,,,,,,12.2,0
1797,,,,,,,13.4,0
1798,,,,,,,11.7,0
1799,,,,,,,11.6,0
1800,,,,,,,11.8,0
1801,,,,,,,11.7,0
1802,,,,,,,12.4,0
1803,,,,,,,11.6,0
1804,,,,,,,12.6,0
1805,,,,,,,11.6,0
1806,,,,,,,11.6,0
1807,,,,,,,13.7,0
1808,,,,,,,11.1,0
1809,,,,,,,12.1,0
1810,,,,,,,11.1,0
1811,,,,,,,12.4,0
1812,,,,,,,11.6,0
1813,,,,,,,12.2,0
1814,,,,,,,10.7,0
1815,,,,,,,11.2,0
1816,,,,,,,12.4,0
1817,,,,,,,12.1,0
1818,,,,,,,11.2,0
1819,,,,,,,12.0,0
1820,,,,,,,12.1,0
1821,,,,,,,12.3,0
1822,,,,,,,11.6,0
1823,,,,,,,12.4,0
1824,,,,,,,12.1,0
1825,,,,,,,11.9,0
1826,,,,,,,12.7,0
1827,,,,,,,11.1,0
1828,,,,,,,10.6,0
1829,,,,,,,12.8,0
1830,,,,,,,10.4,0
1831,,,,,,,11.1,0
1832,,,,,,,11.1,0
1833,,,,,,,11.6,0
1834,,,,,,,12.5,0
1835,,,,,,,12.9,0
1836,,,,,,,12.9,0
1837,,,,,,,10.7,0
1838,,,,,,,12.4,0
1839,,,,,,,11.6,0
1840,,,,,,,11.8,0
1841,,,,,,,12.3,0
1842,,,,,,,12.0,0
1843,,,,,,,12.0,0
1844,,,,,,,12.1,0
1845,,,,,,,11.5,0
1846,,,,,,,12.6,0
1847,,,,,,,12.0,0
1848,,,,,,,11.5,0
1849,,,,,,,11.5,0
1850,,,,,,,12.4,0
1851,,,,,,,11.4,0
1852,,,,,,,11.1,0
1853,,,,,,,11.6,0
1854,,,,,,,11.1,0
1855,,,,,,,12.1,0
1856,,,,,,,11.8,0
1857,,,,,,,12.4,0
1858,,,,,,,11.4,0
1859,,,,,,,10.6,0
1860,,,,,,,11.9,0
1861,,,,,,,12.3,0
1862,,,,,,,11.9,0
1863,,,,,,,11.6,0
1864,,,,,,,11.5,0
1865,,,,,,,12.3,0
1866,,,,,,,13.0,0
1867,,,,,,,11.1,0
1868,,,,,,,11.5,0
1869,,,,,,,10.6,0
1870,,,,,,,11.1,0
1871,,,,,,,12.1,0
1872,,,,,,,11.6,0
1873,,,,,,,11.7,0
1874,,,,,,,11.7,0
1875,,,,,,,13.8,0
1876,,,,,,,12.6,0
1877,,,,,,,12.4,0
1878,,,,,,,11.9,0
1879,,,,,,,11.4,0
1880,,,,,,,13.2,0
1881,,,,,,,11.6,0
1882,,,,,,,11.9,0
1883,,,,,,,11.2,0
1884,,,,,,,11.1,0
1885,,,,,,,12.6,0
1886,,,,,,,9.6,0
1887,,,,,,,10.7,0
1888,,,,,,,13.0,0
1889,,,,,,,11.9,0
1890,,,,,,,11.9,0
1891,,,,,,,11.1,0
1892,,,,,,,12.0,0
1893,,,,,,,12.1,0
1894,,,,,,,10.8,0
1895,,,,,,,12.4,0
1896,,,,,,,12.1,0
1897,,,,,,,11.7,0
1898,,,,,,,11.6,0
1899,,,,,,,12.7,0
1900,,,,,,,12.1,0
1901,,,,,,,11.8,0
1902,,,,,,,11.2,0
1903,,,,,,,11.5,0
1904,,,,,,,12.5,0
1905,,,,,,,13.4,0
1906,,,,,,,12.3,0
1907,,,,,,,11.6,0
1908,,,,,,,10.7,0
1909,,,,,,,12.4,0
1910,,,,,,,11.6,0
1911,,,,,,,11.6,0
1912,,,,,,,13.7,0
1913,,,,,,,12.8,0
1914,,,,,,,10.9,0
1915,,,,,,,12.0,0
1916,,,,,,,11.6,0
1917,,,,,,,12.3,0
1918,,,,,,,11.3,0
1919,,,,,,,11.8,0
1920,,,,,,,11.4,0
1921,,,,,,,12.4,0
1922,,,,,,,10.2,0
1923,,,,,,,10.9,0
1924,,,,,,,13.0,0
1925,,,,,,,11.1,0
1926,,,,,,,12.0,0
1927,,,,,,,10.2,0
1928,,,,,,,11.5,0
1929,,,,,,,11.1,0
1930,,,,,,,12.1,0
1931,,,,,,,11.6,0
1932,,,,,,,10.2,0
1933,,,,,,,10.9,0
1934,,,,,,,12.4,0
1935,,,,,,,12.7,0
1936,,,,,,,11.5,0
1937,,,,,,,11.8,0
1938,,,,,,,11.7,0
1939,,,,,,,12.5,0
1940,,,,,,,12.1,0
1941,,,,,,,11.3,0
1942,,,,,,,11.4,0
1943,,,,,,,11.6,0
1944,,,,,,,12.1,0
1945,,,,,,,12.4,0
1946,,,,,,,12.1,0
1947,,,,,,,10.7,0
1948,,,,,,,11.4,0
1949,,,,,,,11.8,0
1950,,,,,,,11.6,0
1951,,,,,,,11.6,0
1952,,,,,,,11.1,0
1953,,,,,,,11.4,0
1954,,,,,,,13.6,0
1955,,,,,,,10.9,0
1956,,,,,,,12.1,0
1957,,,,,,,11.0,0
1958,,,,,,,12.0,0
1959,,,,,,,12.4,0
1960,,,,,,,8.1,0
1961,,,,,,,8.0,0
1962,,,,,,,,0
1963,,,,,,,,0
1964,,,,,,,,0
1965,,,,,,,,0
1966,,,,,,,,0
1967,,,,,,,,0
1968,,,,,,,,0
1969,,,,,,,,0
1970,,,,,,,,0
1971,,,,,,,,0
1972,,,,,,,,7
1973,,,,,,,,7
